#
# There is insufficient memory for the Java Runtime Environment to continue.
# Native memory allocation (mmap) failed to map 84934656 bytes. Error detail: G1 virtual space
# Possible reasons:
#   The system is out of physical RAM or swap space
#   This process is running with CompressedOops enabled, and the Java Heap may be blocking the growth of the native heap
# Possible solutions:
#   Reduce memory load on the system
#   Increase physical memory or swap space
#   Check if swap backing store is full
#   Decrease Java heap size (-Xmx/-Xms)
#   Decrease number of Java threads
#   Decrease Java thread stack sizes (-Xss)
#   Set larger code cache with -XX:ReservedCodeCacheSize=
#   JVM is running with Unscaled Compressed Oops mode in which the Java heap is
#     placed in the first 4GB address space. The Java Heap base address is the
#     maximum limit for the native heap growth. Please use -XX:HeapBaseMinAddress
#     to set the Java Heap base and to place the Java Heap above 4GB virtual address.
# This output file may be truncated or incomplete.
#
#  Out of Memory Error (os_windows.cpp:3631), pid=30168, tid=38368
#
# JRE version: OpenJDK Runtime Environment (22.0.2+9) (build 22.0.2+9-70)
# Java VM: OpenJDK 64-Bit Server VM (22.0.2+9-70, mixed mode, sharing, tiered, compressed oops, compressed class ptrs, g1 gc, windows-amd64)
# No core dump will be written. Minidumps are not enabled by default on client versions of Windows
#

---------------  S U M M A R Y ------------

Command Line: --add-opens=java.base/java.lang=ALL-UNNAMED --add-opens=java.base/java.lang.invoke=ALL-UNNAMED --add-opens=java.base/java.util=ALL-UNNAMED --add-opens=java.prefs/java.util.prefs=ALL-UNNAMED --add-exports=jdk.compiler/com.sun.tools.javac.api=ALL-UNNAMED --add-exports=jdk.compiler/com.sun.tools.javac.util=ALL-UNNAMED --add-opens=java.base/java.util=ALL-UNNAMED --add-opens=java.prefs/java.util.prefs=ALL-UNNAMED --add-opens=java.base/java.nio.charset=ALL-UNNAMED --add-opens=java.base/java.net=ALL-UNNAMED --add-opens=java.base/java.util.concurrent.atomic=ALL-UNNAMED --add-opens=java.xml/javax.xml.namespace=ALL-UNNAMED -Xmx2048m -Dfile.encoding=UTF-8 -Duser.country=RU -Duser.language=ru -Duser.variant -javaagent:E:\flutter_cache\gradle-home\wrapper\dists\gradle-8.13-bin\5xuhj0ry160q40clulazy9h7d\gradle-8.13\lib\agents\gradle-instrumentation-agent-8.13.jar org.gradle.launcher.daemon.bootstrap.GradleDaemon 8.13

Host: 12th Gen Intel(R) Core(TM) i5-12400F, 12 cores, 31G,  Windows 10 , 64 bit Build 19041 (10.0.19041.5915)
Time: Sun Jul  5 00:30:18 2026  Windows 10 , 64 bit Build 19041 (10.0.19041.5915) elapsed time: 10.944934 seconds (0d 0h 0m 10s)

---------------  T H R E A D  ---------------

Current thread (0x000002237e0bf160):  VMThread "VM Thread"          [id=38368, stack(0x000000e249d00000,0x000000e249e00000) (1024K)]

Stack: [0x000000e249d00000,0x000000e249e00000]
Native frames: (J=compiled Java code, j=interpreted, Vv=VM code, C=native code)
V  [jvm.dll+0x6e26e9]  (no source info available)
V  [jvm.dll+0x875753]  (no source info available)
V  [jvm.dll+0x877b7e]  (no source info available)
V  [jvm.dll+0x878253]  (no source info available)
V  [jvm.dll+0x27fc86]  (no source info available)
V  [jvm.dll+0x6ded85]  (no source info available)
V  [jvm.dll+0x6d388a]  (no source info available)
V  [jvm.dll+0x358b8a]  (no source info available)
V  [jvm.dll+0x3610b6]  (no source info available)
V  [jvm.dll+0x3b419e]  (no source info available)
V  [jvm.dll+0x3b4448]  (no source info available)
V  [jvm.dll+0x32c5ec]  (no source info available)
V  [jvm.dll+0x32c677]  (no source info available)
V  [jvm.dll+0x37244c]  (no source info available)
V  [jvm.dll+0x370b46]  (no source info available)
V  [jvm.dll+0x32bcd7]  (no source info available)
V  [jvm.dll+0x370304]  (no source info available)
V  [jvm.dll+0x87e0f0]  (no source info available)
V  [jvm.dll+0x87f477]  (no source info available)
V  [jvm.dll+0x87f9f0]  (no source info available)
V  [jvm.dll+0x87fc93]  (no source info available)
V  [jvm.dll+0x81dc0b]  (no source info available)
V  [jvm.dll+0x6e0d85]  (no source info available)
C  [ucrtbase.dll+0x21bb2]  (no source info available)
C  [KERNEL32.DLL+0x17374]  (no source info available)
C  [ntdll.dll+0x4cc91]  (no source info available)

VM_Operation (0x000000e24f0fa740): G1CollectForAllocation, mode: safepoint, requested by thread 0x00000223611a6660


---------------  P R O C E S S  ---------------

Threads class SMR info:
_java_thread_list=0x000002235f728c00, length=79, elements={
0x0000022376424710, 0x00000223173a7250, 0x00000223173a78c0, 0x00000223173b18b0,
0x00000223173b1f20, 0x00000223173b3140, 0x00000223173bba50, 0x00000223173ce250,
0x00000223173c0560, 0x000002237e0a82a0, 0x0000022317616230, 0x000002235e2f58f0,
0x000002235e3918b0, 0x000002235e370ec0, 0x000002235e3ffbd0, 0x000002235e400240,
0x000002235e4008b0, 0x000002235e4cdd30, 0x000002235e4cb5d0, 0x000002235e4cd6a0,
0x000002235e4ce3c0, 0x000002235e4caf40, 0x000002235e4cbc60, 0x000002235e4cc2f0,
0x000002235e4cd010, 0x000002236141fcb0, 0x0000022361422aa0, 0x00000223614265b0,
0x000002236141f620, 0x0000022361426c40, 0x0000022361424b70, 0x0000022361425f20,
0x00000223614237c0, 0x00000223614209d0, 0x0000022361421060, 0x00000223614216f0,
0x0000022361421d80, 0x0000022361422410, 0x0000022362613ee0, 0x00000223626124a0,
0x00000223626110f0, 0x0000022362610a60, 0x00000223626131c0, 0x00000223626103d0,
0x0000022362613850, 0x000002236260fd40, 0x0000022362615fb0, 0x0000022361423130,
0x000002235f914ff0, 0x000002235f915680, 0x000002235f915d10, 0x000002235f917750,
0x000002235f912200, 0x000002235f9135b0, 0x000002235f917de0, 0x000002235f916a30,
0x000002235f912890, 0x000002235f9163a0, 0x000002235f9142d0, 0x000002235f9170c0,
0x000002235f914960, 0x000002235f911b70, 0x000002235f918470, 0x000002235f918b00,
0x000002235f919190, 0x000002235f912f20, 0x0000022362796b00, 0x000002235f913c40,
0x000002236260f020, 0x00000223611a3f00, 0x00000223611a6cf0, 0x00000223611a5fd0,
0x00000223611a6660, 0x00000223611a8730, 0x00000223611a8dc0, 0x00000223611a7380,
0x00000223611a80a0, 0x00000223611a3870, 0x00000223627971d0
}

Java Threads: ( => current thread )
  0x0000022376424710 JavaThread "main"                              [_thread_blocked, id=16136, stack(0x000000e249600000,0x000000e249700000) (1024K)]
  0x00000223173a7250 JavaThread "Reference Handler"          daemon [_thread_blocked, id=37956, stack(0x000000e249e00000,0x000000e249f00000) (1024K)]
  0x00000223173a78c0 JavaThread "Finalizer"                  daemon [_thread_blocked, id=33016, stack(0x000000e249f00000,0x000000e24a000000) (1024K)]
  0x00000223173b18b0 JavaThread "Signal Dispatcher"          daemon [_thread_blocked, id=49168, stack(0x000000e24a000000,0x000000e24a100000) (1024K)]
  0x00000223173b1f20 JavaThread "Attach Listener"            daemon [_thread_blocked, id=36236, stack(0x000000e24a100000,0x000000e24a200000) (1024K)]
  0x00000223173b3140 JavaThread "Service Thread"             daemon [_thread_blocked, id=47304, stack(0x000000e24a200000,0x000000e24a300000) (1024K)]
  0x00000223173bba50 JavaThread "Monitor Deflation Thread"   daemon [_thread_blocked, id=46716, stack(0x000000e24a300000,0x000000e24a400000) (1024K)]
  0x00000223173ce250 JavaThread "C2 CompilerThread0"         daemon [_thread_blocked, id=16428, stack(0x000000e24a400000,0x000000e24a500000) (1024K)]
  0x00000223173c0560 JavaThread "C1 CompilerThread0"         daemon [_thread_blocked, id=36308, stack(0x000000e24a500000,0x000000e24a600000) (1024K)]
  0x000002237e0a82a0 JavaThread "Common-Cleaner"             daemon [_thread_blocked, id=34332, stack(0x000000e24a600000,0x000000e24a700000) (1024K)]
  0x0000022317616230 JavaThread "Notification Thread"        daemon [_thread_blocked, id=26864, stack(0x000000e24a800000,0x000000e24a900000) (1024K)]
  0x000002235e2f58f0 JavaThread "Daemon health stats"               [_thread_blocked, id=29160, stack(0x000000e24b300000,0x000000e24b400000) (1024K)]
  0x000002235e3918b0 JavaThread "Incoming local TCP Connector on port 55427"        [_thread_in_native, id=26264, stack(0x000000e24b400000,0x000000e24b500000) (1024K)]
  0x000002235e370ec0 JavaThread "Daemon periodic checks"            [_thread_blocked, id=53784, stack(0x000000e24b500000,0x000000e24b600000) (1024K)]
  0x000002235e3ffbd0 JavaThread "Daemon"                            [_thread_blocked, id=13996, stack(0x000000e24b600000,0x000000e24b700000) (1024K)]
  0x000002235e400240 JavaThread "Handler for socket connection from /127.0.0.1:55427 to /127.0.0.1:55428"        [_thread_in_native, id=13708, stack(0x000000e24b700000,0x000000e24b800000) (1024K)]
  0x000002235e4008b0 JavaThread "Cancel handler"                    [_thread_blocked, id=26692, stack(0x000000e24b800000,0x000000e24b900000) (1024K)]
  0x000002235e4cdd30 JavaThread "Daemon worker"                     [_thread_blocked, id=2036, stack(0x000000e24b900000,0x000000e24ba00000) (1024K)]
  0x000002235e4cb5d0 JavaThread "Asynchronous log dispatcher for DefaultDaemonConnection: socket connection from /127.0.0.1:55427 to /127.0.0.1:55428"        [_thread_blocked, id=40052, stack(0x000000e24ba00000,0x000000e24bb00000) (1024K)]
  0x000002235e4cd6a0 JavaThread "Stdin handler"                     [_thread_blocked, id=51380, stack(0x000000e24bb00000,0x000000e24bc00000) (1024K)]
  0x000002235e4ce3c0 JavaThread "Daemon client event forwarder"        [_thread_blocked, id=53576, stack(0x000000e24bc00000,0x000000e24bd00000) (1024K)]
  0x000002235e4caf40 JavaThread "Cache worker for journal cache (E:\flutter_cache\gradle-home\caches\journal-1)"        [_thread_blocked, id=31340, stack(0x000000e24bd00000,0x000000e24be00000) (1024K)]
  0x000002235e4cbc60 JavaThread "File lock request listener"        [_thread_in_native, id=28268, stack(0x000000e24be00000,0x000000e24bf00000) (1024K)]
  0x000002235e4cc2f0 JavaThread "Cache worker for file hash cache (E:\flutter_cache\gradle-home\caches\8.13\fileHashes)"        [_thread_blocked, id=45472, stack(0x000000e24bf00000,0x000000e24c000000) (1024K)]
  0x000002235e4cd010 JavaThread "Cache worker for file hash cache (E:\flutter_projects\FoolLegends\.gradle\8.13\fileHashes)"        [_thread_blocked, id=41280, stack(0x000000e24c200000,0x000000e24c300000) (1024K)]
  0x000002236141fcb0 JavaThread "Cache worker for Build Output Cleanup Cache (E:\flutter_projects\FoolLegends\.gradle\buildOutputCleanup)"        [_thread_blocked, id=48052, stack(0x000000e24c300000,0x000000e24c400000) (1024K)]
  0x0000022361422aa0 JavaThread "File watcher server"        daemon [_thread_in_native, id=42812, stack(0x000000e24c400000,0x000000e24c500000) (1024K)]
  0x00000223614265b0 JavaThread "File watcher consumer"      daemon [_thread_blocked, id=18876, stack(0x000000e24c500000,0x000000e24c600000) (1024K)]
  0x000002236141f620 JavaThread "jar transforms"                    [_thread_blocked, id=30852, stack(0x000000e24c600000,0x000000e24c700000) (1024K)]
  0x0000022361426c40 JavaThread "jar transforms Thread 2"           [_thread_blocked, id=16908, stack(0x000000e24c700000,0x000000e24c800000) (1024K)]
  0x0000022361424b70 JavaThread "jar transforms Thread 3"           [_thread_blocked, id=20880, stack(0x000000e24c800000,0x000000e24c900000) (1024K)]
  0x0000022361425f20 JavaThread "jar transforms Thread 4"           [_thread_blocked, id=40020, stack(0x000000e24c900000,0x000000e24ca00000) (1024K)]
  0x00000223614237c0 JavaThread "jar transforms Thread 5"           [_thread_blocked, id=49596, stack(0x000000e24ca00000,0x000000e24cb00000) (1024K)]
  0x00000223614209d0 JavaThread "Cache worker for checksums cache (E:\flutter_projects\FoolLegends\.gradle\8.13\checksums)"        [_thread_blocked, id=2052, stack(0x000000e24cb00000,0x000000e24cc00000) (1024K)]
  0x0000022361421060 JavaThread "Cache worker for file content cache (E:\flutter_cache\gradle-home\caches\8.13\fileContent)"        [_thread_blocked, id=12216, stack(0x000000e24cc00000,0x000000e24cd00000) (1024K)]
  0x00000223614216f0 JavaThread "jar transforms Thread 6"           [_thread_blocked, id=13744, stack(0x000000e24cd00000,0x000000e24ce00000) (1024K)]
  0x0000022361421d80 JavaThread "jar transforms Thread 7"           [_thread_blocked, id=40536, stack(0x000000e24ce00000,0x000000e24cf00000) (1024K)]
  0x0000022361422410 JavaThread "jar transforms Thread 8"           [_thread_blocked, id=48280, stack(0x000000e24cf00000,0x000000e24d000000) (1024K)]
  0x0000022362613ee0 JavaThread "jar transforms Thread 9"           [_thread_blocked, id=20584, stack(0x000000e24d000000,0x000000e24d100000) (1024K)]
  0x00000223626124a0 JavaThread "jar transforms Thread 10"          [_thread_blocked, id=42444, stack(0x000000e24d100000,0x000000e24d200000) (1024K)]
  0x00000223626110f0 JavaThread "jar transforms Thread 11"          [_thread_blocked, id=8516, stack(0x000000e24d200000,0x000000e24d300000) (1024K)]
  0x0000022362610a60 JavaThread "jar transforms Thread 12"          [_thread_blocked, id=2452, stack(0x000000e24d300000,0x000000e24d400000) (1024K)]
  0x00000223626131c0 JavaThread "Cache worker for cache directory md-supplier (E:\flutter_cache\gradle-home\caches\8.13\md-supplier)"        [_thread_blocked, id=42632, stack(0x000000e24d400000,0x000000e24d500000) (1024K)]
  0x00000223626103d0 JavaThread "Cache worker for cache directory md-rule (E:\flutter_cache\gradle-home\caches\8.13\md-rule)"        [_thread_blocked, id=44640, stack(0x000000e24d500000,0x000000e24d600000) (1024K)]
  0x0000022362613850 JavaThread "Unconstrained build operations"        [_thread_blocked, id=37600, stack(0x000000e24d600000,0x000000e24d700000) (1024K)]
  0x000002236260fd40 JavaThread "Unconstrained build operations Thread 2"        [_thread_blocked, id=38852, stack(0x000000e24d700000,0x000000e24d800000) (1024K)]
  0x0000022362615fb0 JavaThread "Unconstrained build operations Thread 3"        [_thread_blocked, id=51796, stack(0x000000e24d800000,0x000000e24d900000) (1024K)]
  0x0000022361423130 JavaThread "Unconstrained build operations Thread 4"        [_thread_blocked, id=27488, stack(0x000000e24d900000,0x000000e24da00000) (1024K)]
  0x000002235f914ff0 JavaThread "Unconstrained build operations Thread 5"        [_thread_blocked, id=49420, stack(0x000000e24da00000,0x000000e24db00000) (1024K)]
  0x000002235f915680 JavaThread "Unconstrained build operations Thread 6"        [_thread_blocked, id=41772, stack(0x000000e24db00000,0x000000e24dc00000) (1024K)]
  0x000002235f915d10 JavaThread "Unconstrained build operations Thread 7"        [_thread_blocked, id=26412, stack(0x000000e24dc00000,0x000000e24dd00000) (1024K)]
  0x000002235f917750 JavaThread "Unconstrained build operations Thread 8"        [_thread_blocked, id=35064, stack(0x000000e24dd00000,0x000000e24de00000) (1024K)]
  0x000002235f912200 JavaThread "Unconstrained build operations Thread 9"        [_thread_blocked, id=10436, stack(0x000000e24de00000,0x000000e24df00000) (1024K)]
  0x000002235f9135b0 JavaThread "Unconstrained build operations Thread 10"        [_thread_blocked, id=48488, stack(0x000000e24df00000,0x000000e24e000000) (1024K)]
  0x000002235f917de0 JavaThread "Unconstrained build operations Thread 11"        [_thread_blocked, id=23008, stack(0x000000e24e000000,0x000000e24e100000) (1024K)]
  0x000002235f916a30 JavaThread "Unconstrained build operations Thread 12"        [_thread_blocked, id=36040, stack(0x000000e24e100000,0x000000e24e200000) (1024K)]
  0x000002235f912890 JavaThread "Unconstrained build operations Thread 13"        [_thread_blocked, id=50864, stack(0x000000e24e200000,0x000000e24e300000) (1024K)]
  0x000002235f9163a0 JavaThread "Unconstrained build operations Thread 14"        [_thread_blocked, id=34724, stack(0x000000e24e300000,0x000000e24e400000) (1024K)]
  0x000002235f9142d0 JavaThread "Unconstrained build operations Thread 15"        [_thread_blocked, id=41808, stack(0x000000e24e400000,0x000000e24e500000) (1024K)]
  0x000002235f9170c0 JavaThread "Unconstrained build operations Thread 16"        [_thread_blocked, id=26968, stack(0x000000e24e500000,0x000000e24e600000) (1024K)]
  0x000002235f914960 JavaThread "Unconstrained build operations Thread 17"        [_thread_blocked, id=30700, stack(0x000000e24e600000,0x000000e24e700000) (1024K)]
  0x000002235f911b70 JavaThread "Unconstrained build operations Thread 18"        [_thread_blocked, id=51372, stack(0x000000e24e700000,0x000000e24e800000) (1024K)]
  0x000002235f918470 JavaThread "Unconstrained build operations Thread 19"        [_thread_blocked, id=46536, stack(0x000000e24e800000,0x000000e24e900000) (1024K)]
  0x000002235f918b00 JavaThread "Unconstrained build operations Thread 20"        [_thread_blocked, id=44876, stack(0x000000e24e900000,0x000000e24ea00000) (1024K)]
  0x000002235f919190 JavaThread "Unconstrained build operations Thread 21"        [_thread_blocked, id=9412, stack(0x000000e24ea00000,0x000000e24eb00000) (1024K)]
  0x000002235f912f20 JavaThread "Unconstrained build operations Thread 22"        [_thread_blocked, id=53652, stack(0x000000e24eb00000,0x000000e24ec00000) (1024K)]
  0x0000022362796b00 JavaThread "C2 CompilerThread1"         daemon [_thread_blocked, id=50184, stack(0x000000e24a700000,0x000000e24a800000) (1024K)]
  0x000002235f913c40 JavaThread "Unconstrained build operations Thread 23"        [_thread_blocked, id=8580, stack(0x000000e24a900000,0x000000e24aa00000) (1024K)]
  0x000002236260f020 JavaThread "Unconstrained build operations Thread 24"        [_thread_blocked, id=28988, stack(0x000000e24ec00000,0x000000e24ed00000) (1024K)]
  0x00000223611a3f00 JavaThread "Unconstrained build operations Thread 25"        [_thread_blocked, id=12116, stack(0x000000e24ed00000,0x000000e24ee00000) (1024K)]
  0x00000223611a6cf0 JavaThread "Unconstrained build operations Thread 26"        [_thread_blocked, id=1948, stack(0x000000e24ee00000,0x000000e24ef00000) (1024K)]
  0x00000223611a5fd0 JavaThread "Unconstrained build operations Thread 27"        [_thread_blocked, id=48268, stack(0x000000e24ef00000,0x000000e24f000000) (1024K)]
  0x00000223611a6660 JavaThread "Unconstrained build operations Thread 28"        [_thread_blocked, id=38568, stack(0x000000e24f000000,0x000000e24f100000) (1024K)]
  0x00000223611a8730 JavaThread "Unconstrained build operations Thread 29"        [_thread_blocked, id=40892, stack(0x000000e24f100000,0x000000e24f200000) (1024K)]
  0x00000223611a8dc0 JavaThread "Unconstrained build operations Thread 30"        [_thread_blocked, id=53384, stack(0x000000e24f200000,0x000000e24f300000) (1024K)]
  0x00000223611a7380 JavaThread "Unconstrained build operations Thread 31"        [_thread_blocked, id=38476, stack(0x000000e24f300000,0x000000e24f400000) (1024K)]
  0x00000223611a80a0 JavaThread "Unconstrained build operations Thread 32"        [_thread_blocked, id=46204, stack(0x000000e24f400000,0x000000e24f500000) (1024K)]
  0x00000223611a3870 JavaThread "Unconstrained build operations Thread 33"        [_thread_blocked, id=38104, stack(0x000000e24f500000,0x000000e24f600000) (1024K)]
  0x00000223627971d0 JavaThread "C2 CompilerThread2"         daemon [_thread_blocked, id=6916, stack(0x000000e24f600000,0x000000e24f700000) (1024K)]
Total: 79

Other Threads:
=>0x000002237e0bf160 VMThread "VM Thread"                           [id=38368, stack(0x000000e249d00000,0x000000e249e00000) (1024K)]
  0x000002237e0a79b0 WatcherThread "VM Periodic Task Thread"        [id=51252, stack(0x000000e249c00000,0x000000e249d00000) (1024K)]
  0x0000022378671650 WorkerThread "GC Thread#0"                     [id=12676, stack(0x000000e249700000,0x000000e249800000) (1024K)]
  0x0000022317989410 WorkerThread "GC Thread#1"                     [id=41896, stack(0x000000e24aa00000,0x000000e24ab00000) (1024K)]
  0x00000223179897c0 WorkerThread "GC Thread#2"                     [id=30252, stack(0x000000e24ab00000,0x000000e24ac00000) (1024K)]
  0x0000022317989b70 WorkerThread "GC Thread#3"                     [id=47980, stack(0x000000e24ac00000,0x000000e24ad00000) (1024K)]
  0x0000022317dc69c0 WorkerThread "GC Thread#4"                     [id=23092, stack(0x000000e24ad00000,0x000000e24ae00000) (1024K)]
  0x0000022317dc6d70 WorkerThread "GC Thread#5"                     [id=46096, stack(0x000000e24ae00000,0x000000e24af00000) (1024K)]
  0x0000022317e96550 WorkerThread "GC Thread#6"                     [id=52420, stack(0x000000e24af00000,0x000000e24b000000) (1024K)]
  0x0000022317e96900 WorkerThread "GC Thread#7"                     [id=26896, stack(0x000000e24b000000,0x000000e24b100000) (1024K)]
  0x0000022317ddf2a0 WorkerThread "GC Thread#8"                     [id=47852, stack(0x000000e24b100000,0x000000e24b200000) (1024K)]
  0x0000022317ddf650 WorkerThread "GC Thread#9"                     [id=33492, stack(0x000000e24b200000,0x000000e24b300000) (1024K)]
  0x00000223786827f0 ConcurrentGCThread "G1 Main Marker"            [id=43936, stack(0x000000e249800000,0x000000e249900000) (1024K)]
  0x0000022378683300 WorkerThread "G1 Conc#0"                       [id=32912, stack(0x000000e249900000,0x000000e249a00000) (1024K)]
  0x000002235eefead0 WorkerThread "G1 Conc#1"                       [id=53220, stack(0x000000e24c000000,0x000000e24c100000) (1024K)]
  0x000002235eeff230 WorkerThread "G1 Conc#2"                       [id=27400, stack(0x000000e24c100000,0x000000e24c200000) (1024K)]
  0x000002237e098050 ConcurrentGCThread "G1 Refine#0"               [id=35456, stack(0x000000e249a00000,0x000000e249b00000) (1024K)]
  0x000002237e09a600 ConcurrentGCThread "G1 Service"                [id=43776, stack(0x000000e249b00000,0x000000e249c00000) (1024K)]
Total: 18

Threads with active compile tasks:
C2 CompilerThread0  11028 12772       4       org.gradle.cache.internal.btree.FreeListBlockStore$FreeListBlock::alloc (240 bytes)
C2 CompilerThread1  11028 12792       4       org.apache.commons.compress.archivers.zip.ZipArchiveOutputStream::createCentralFileHeader (647 bytes)
C2 CompilerThread2  11028 12789       4       org.apache.commons.compress.archivers.zip.ZipArchiveOutputStream::createCentralFileHeader (140 bytes)
Total: 3

VM state: at safepoint (normal execution)

VM Mutex/Monitor currently owned by a thread:  ([mutex/lock_event])
[0x00007ffb0ee5cb80] Threads_lock - owner thread: 0x000002237e0bf160
[0x00007ffb0ee5cc80] Heap_lock - owner thread: 0x00000223611a6660

Heap address: 0x0000000080000000, size: 2048 MB, Compressed Oops mode: 32-bit

CDS archive(s) mapped at: [0x0000022318000000-0x0000022318c60000-0x0000022318c60000), size 12976128, SharedBaseAddress: 0x0000022318000000, ArchiveRelocationMode: 1.
Compressed class space mapped at: 0x0000022319000000-0x0000022359000000, reserved size: 1073741824
Narrow klass base: 0x0000022318000000, Narrow klass shift: 0, Narrow klass range: 0x41000000

GC Precious Log:
 CardTable entry size: 512
 Card Set container configuration: InlinePtr #cards 5 size 8 Array Of Cards #cards 12 size 40 Howl #buckets 4 coarsen threshold 1843 Howl Bitmap #cards 512 size 80 coarsen threshold 460 Card regions per heap region 1 cards per card region 2048
 CPUs: 12 total, 12 available
 Memory: 32606M
 Large Page Support: Disabled
 NUMA Support: Disabled
 Compressed Oops: Enabled (32-bit)
 Heap Region Size: 1M
 Heap Min Capacity: 8M
 Heap Initial Capacity: 510M
 Heap Max Capacity: 2G
 Pre-touch: Disabled
 Parallel Workers: 10
 Concurrent Workers: 3
 Concurrent Refinement Workers: 10
 Periodic GC: Disabled

Heap:
 garbage-first heap   total reserved 2097152K, committed 449536K, used 169463K [0x0000000080000000, 0x0000000100000000)
  region size 1024K, 14 young (14336K), 14 survivors (14336K)
 Metaspace       used 65715K, committed 67648K, reserved 1114112K
  class space    used 9315K, committed 10240K, reserved 1048576K

Heap Regions: E=young(eden), S=young(survivor), O=old, HS=humongous(starts), HC=humongous(continues), CS=collection set, F=free, TAMS=top-at-mark-start, PB=parsable bottom
|   0|0x0000000080000000, 0x0000000080100000, 0x0000000080100000|100%|HS|  |TAMS 0x0000000080100000| PB 0x0000000080000000| Complete |  0
|   1|0x0000000080100000, 0x0000000080200000, 0x0000000080200000|100%|HC|  |TAMS 0x0000000080200000| PB 0x0000000080100000| Complete |  0
|   2|0x0000000080200000, 0x0000000080300000, 0x0000000080300000|100%|HC|  |TAMS 0x0000000080300000| PB 0x0000000080200000| Complete |  0
|   3|0x0000000080300000, 0x0000000080400000, 0x0000000080400000|100%| O|  |TAMS 0x0000000080400000| PB 0x0000000080300000| Untracked |  0
|   4|0x0000000080400000, 0x0000000080500000, 0x0000000080500000|100%| O|  |TAMS 0x0000000080500000| PB 0x0000000080400000| Untracked |  0
|   5|0x0000000080500000, 0x0000000080600000, 0x0000000080600000|100%| O|  |TAMS 0x0000000080600000| PB 0x0000000080500000| Untracked |  0
|   6|0x0000000080600000, 0x0000000080700000, 0x0000000080700000|100%|HS|  |TAMS 0x0000000080700000| PB 0x0000000080600000| Complete |  0
|   7|0x0000000080700000, 0x0000000080800000, 0x0000000080800000|100%| O|  |TAMS 0x0000000080800000| PB 0x0000000080700000| Untracked |  0
|   8|0x0000000080800000, 0x0000000080900000, 0x0000000080900000|100%| O|  |TAMS 0x0000000080900000| PB 0x0000000080800000| Untracked |  0
|   9|0x0000000080900000, 0x0000000080a00000, 0x0000000080a00000|100%| O|  |TAMS 0x0000000080a00000| PB 0x0000000080900000| Untracked |  0
|  10|0x0000000080a00000, 0x0000000080b00000, 0x0000000080b00000|100%| O|  |TAMS 0x0000000080b00000| PB 0x0000000080a00000| Untracked |  0
|  11|0x0000000080b00000, 0x0000000080c00000, 0x0000000080c00000|100%| O|  |TAMS 0x0000000080c00000| PB 0x0000000080b00000| Untracked |  0
|  12|0x0000000080c00000, 0x0000000080d00000, 0x0000000080d00000|100%| O|  |TAMS 0x0000000080d00000| PB 0x0000000080c00000| Untracked |  0
|  13|0x0000000080d00000, 0x0000000080e00000, 0x0000000080e00000|100%| O|  |TAMS 0x0000000080e00000| PB 0x0000000080d00000| Untracked |  0
|  14|0x0000000080e00000, 0x0000000080f00000, 0x0000000080f00000|100%| O|  |TAMS 0x0000000080f00000| PB 0x0000000080e00000| Untracked |  0
|  15|0x0000000080f00000, 0x0000000081000000, 0x0000000081000000|100%| O|  |TAMS 0x0000000081000000| PB 0x0000000080f00000| Untracked |  0
|  16|0x0000000081000000, 0x0000000081100000, 0x0000000081100000|100%| O|  |TAMS 0x0000000081100000| PB 0x0000000081000000| Untracked |  0
|  17|0x0000000081100000, 0x0000000081200000, 0x0000000081200000|100%| O|  |TAMS 0x0000000081200000| PB 0x0000000081100000| Untracked |  0
|  18|0x0000000081200000, 0x0000000081300000, 0x0000000081300000|100%| O|  |TAMS 0x0000000081300000| PB 0x0000000081200000| Untracked |  0
|  19|0x0000000081300000, 0x0000000081400000, 0x0000000081400000|100%| O|  |TAMS 0x0000000081400000| PB 0x0000000081300000| Untracked |  0
|  20|0x0000000081400000, 0x0000000081500000, 0x0000000081500000|100%| O|  |TAMS 0x0000000081500000| PB 0x0000000081400000| Untracked |  0
|  21|0x0000000081500000, 0x0000000081600000, 0x0000000081600000|100%| O|  |TAMS 0x0000000081600000| PB 0x0000000081500000| Untracked |  0
|  22|0x0000000081600000, 0x0000000081700000, 0x0000000081700000|100%| O|  |TAMS 0x0000000081700000| PB 0x0000000081600000| Untracked |  0
|  23|0x0000000081700000, 0x0000000081800000, 0x0000000081800000|100%| O|  |TAMS 0x0000000081800000| PB 0x0000000081700000| Untracked |  0
|  24|0x0000000081800000, 0x0000000081900000, 0x0000000081900000|100%| O|  |TAMS 0x0000000081900000| PB 0x0000000081800000| Untracked |  0
|  25|0x0000000081900000, 0x0000000081a00000, 0x0000000081a00000|100%| O|  |TAMS 0x0000000081a00000| PB 0x0000000081900000| Untracked |  0
|  26|0x0000000081a00000, 0x0000000081b00000, 0x0000000081b00000|100%|HS|  |TAMS 0x0000000081b00000| PB 0x0000000081a00000| Complete |  0
|  27|0x0000000081b00000, 0x0000000081c00000, 0x0000000081c00000|100%| O|  |TAMS 0x0000000081c00000| PB 0x0000000081b00000| Untracked |  0
|  28|0x0000000081c00000, 0x0000000081d00000, 0x0000000081d00000|100%| O|  |TAMS 0x0000000081d00000| PB 0x0000000081c00000| Untracked |  0
|  29|0x0000000081d00000, 0x0000000081e00000, 0x0000000081e00000|100%| O|  |TAMS 0x0000000081e00000| PB 0x0000000081d00000| Untracked |  0
|  30|0x0000000081e00000, 0x0000000081f00000, 0x0000000081f00000|100%| O|  |TAMS 0x0000000081f00000| PB 0x0000000081e00000| Untracked |  0
|  31|0x0000000081f00000, 0x0000000082000000, 0x0000000082000000|100%|HS|  |TAMS 0x0000000082000000| PB 0x0000000081f00000| Complete |  0
|  32|0x0000000082000000, 0x0000000082100000, 0x0000000082100000|100%| O|  |TAMS 0x0000000082100000| PB 0x0000000082000000| Untracked |  0
|  33|0x0000000082100000, 0x0000000082200000, 0x0000000082200000|100%| O|  |TAMS 0x0000000082200000| PB 0x0000000082100000| Untracked |  0
|  34|0x0000000082200000, 0x0000000082300000, 0x0000000082300000|100%| O|  |TAMS 0x0000000082300000| PB 0x0000000082200000| Untracked |  0
|  35|0x0000000082300000, 0x0000000082400000, 0x0000000082400000|100%| O|  |TAMS 0x0000000082400000| PB 0x0000000082300000| Untracked |  0
|  36|0x0000000082400000, 0x0000000082500000, 0x0000000082500000|100%| O|  |TAMS 0x0000000082500000| PB 0x0000000082400000| Untracked |  0
|  37|0x0000000082500000, 0x000000008257dfc8, 0x0000000082600000| 49%| O|  |TAMS 0x0000000082500000| PB 0x0000000082500000| Untracked |  0
|  38|0x0000000082600000, 0x0000000082700000, 0x0000000082700000|100%| O|  |TAMS 0x0000000082700000| PB 0x0000000082600000| Untracked |  0
|  39|0x0000000082700000, 0x0000000082800000, 0x0000000082800000|100%| O|  |TAMS 0x0000000082800000| PB 0x0000000082700000| Untracked |  0
|  40|0x0000000082800000, 0x0000000082900000, 0x0000000082900000|100%| O|  |TAMS 0x0000000082900000| PB 0x0000000082800000| Untracked |  0
|  41|0x0000000082900000, 0x0000000082a00000, 0x0000000082a00000|100%| O|  |TAMS 0x0000000082a00000| PB 0x0000000082900000| Untracked |  0
|  42|0x0000000082a00000, 0x0000000082b00000, 0x0000000082b00000|100%| O|  |TAMS 0x0000000082b00000| PB 0x0000000082a00000| Untracked |  0
|  43|0x0000000082b00000, 0x0000000082c00000, 0x0000000082c00000|100%| O|  |TAMS 0x0000000082c00000| PB 0x0000000082b00000| Untracked |  0
|  44|0x0000000082c00000, 0x0000000082d00000, 0x0000000082d00000|100%| O|  |TAMS 0x0000000082d00000| PB 0x0000000082c00000| Untracked |  0
|  45|0x0000000082d00000, 0x0000000082e00000, 0x0000000082e00000|100%| O|  |TAMS 0x0000000082e00000| PB 0x0000000082d00000| Untracked |  0
|  46|0x0000000082e00000, 0x0000000082f00000, 0x0000000082f00000|100%| O|  |TAMS 0x0000000082f00000| PB 0x0000000082e00000| Untracked |  0
|  47|0x0000000082f00000, 0x0000000083000000, 0x0000000083000000|100%| O|  |TAMS 0x0000000083000000| PB 0x0000000082f00000| Untracked |  0
|  48|0x0000000083000000, 0x0000000083100000, 0x0000000083100000|100%| O|  |TAMS 0x0000000083100000| PB 0x0000000083000000| Untracked |  0
|  49|0x0000000083100000, 0x0000000083200000, 0x0000000083200000|100%| O|  |TAMS 0x0000000083200000| PB 0x0000000083100000| Untracked |  0
|  50|0x0000000083200000, 0x0000000083300000, 0x0000000083300000|100%| O|  |TAMS 0x0000000083300000| PB 0x0000000083200000| Untracked |  0
|  51|0x0000000083300000, 0x0000000083400000, 0x0000000083400000|100%| O|  |TAMS 0x0000000083400000| PB 0x0000000083300000| Untracked |  0
|  52|0x0000000083400000, 0x0000000083500000, 0x0000000083500000|100%| O|  |TAMS 0x0000000083500000| PB 0x0000000083400000| Untracked |  0
|  53|0x0000000083500000, 0x0000000083600000, 0x0000000083600000|100%| O|  |TAMS 0x0000000083600000| PB 0x0000000083500000| Untracked |  0
|  54|0x0000000083600000, 0x0000000083700000, 0x0000000083700000|100%| O|  |TAMS 0x0000000083700000| PB 0x0000000083600000| Untracked |  0
|  55|0x0000000083700000, 0x0000000083800000, 0x0000000083800000|100%| O|  |TAMS 0x0000000083800000| PB 0x0000000083700000| Untracked |  0
|  56|0x0000000083800000, 0x0000000083900000, 0x0000000083900000|100%| O|  |TAMS 0x0000000083900000| PB 0x0000000083800000| Untracked |  0
|  57|0x0000000083900000, 0x0000000083a00000, 0x0000000083a00000|100%| O|  |TAMS 0x0000000083a00000| PB 0x0000000083900000| Untracked |  0
|  58|0x0000000083a00000, 0x0000000083b00000, 0x0000000083b00000|100%| O|  |TAMS 0x0000000083b00000| PB 0x0000000083a00000| Untracked |  0
|  59|0x0000000083b00000, 0x0000000083c00000, 0x0000000083c00000|100%| O|  |TAMS 0x0000000083c00000| PB 0x0000000083b00000| Untracked |  0
|  60|0x0000000083c00000, 0x0000000083d00000, 0x0000000083d00000|100%| O|  |TAMS 0x0000000083d00000| PB 0x0000000083c00000| Untracked |  0
|  61|0x0000000083d00000, 0x0000000083e00000, 0x0000000083e00000|100%| O|  |TAMS 0x0000000083e00000| PB 0x0000000083d00000| Untracked |  0
|  62|0x0000000083e00000, 0x0000000083f00000, 0x0000000083f00000|100%| O|  |TAMS 0x0000000083f00000| PB 0x0000000083e00000| Untracked |  0
|  63|0x0000000083f00000, 0x0000000084000000, 0x0000000084000000|100%| O|  |TAMS 0x0000000084000000| PB 0x0000000083f00000| Untracked |  0
|  64|0x0000000084000000, 0x0000000084100000, 0x0000000084100000|100%| O|  |TAMS 0x0000000084100000| PB 0x0000000084000000| Untracked |  0
|  65|0x0000000084100000, 0x0000000084200000, 0x0000000084200000|100%| O|  |TAMS 0x0000000084200000| PB 0x0000000084100000| Untracked |  0
|  66|0x0000000084200000, 0x0000000084300000, 0x0000000084300000|100%| O|  |TAMS 0x0000000084300000| PB 0x0000000084200000| Untracked |  0
|  67|0x0000000084300000, 0x0000000084400000, 0x0000000084400000|100%| O|  |TAMS 0x0000000084400000| PB 0x0000000084300000| Untracked |  0
|  68|0x0000000084400000, 0x0000000084500000, 0x0000000084500000|100%| O|  |TAMS 0x0000000084500000| PB 0x0000000084400000| Untracked |  0
|  69|0x0000000084500000, 0x0000000084600000, 0x0000000084600000|100%| O|  |TAMS 0x0000000084600000| PB 0x0000000084500000| Untracked |  0
|  70|0x0000000084600000, 0x0000000084600000, 0x0000000084700000|  0%| F|  |TAMS 0x0000000084600000| PB 0x0000000084600000| Untracked |  0
|  71|0x0000000084700000, 0x0000000084800000, 0x0000000084800000|100%|HS|  |TAMS 0x0000000084800000| PB 0x0000000084700000| Complete |  0
|  72|0x0000000084800000, 0x0000000084900000, 0x0000000084900000|100%| O|  |TAMS 0x0000000084900000| PB 0x0000000084800000| Untracked |  0
|  73|0x0000000084900000, 0x0000000084a00000, 0x0000000084a00000|100%| O|  |TAMS 0x0000000084a00000| PB 0x0000000084900000| Untracked |  0
|  74|0x0000000084a00000, 0x0000000084b00000, 0x0000000084b00000|100%| O|  |TAMS 0x0000000084b00000| PB 0x0000000084a00000| Untracked |  0
|  75|0x0000000084b00000, 0x0000000084b00000, 0x0000000084c00000|  0%| F|  |TAMS 0x0000000084b00000| PB 0x0000000084b00000| Untracked |  0
|  76|0x0000000084c00000, 0x0000000084d00000, 0x0000000084d00000|100%| O|  |TAMS 0x0000000084d00000| PB 0x0000000084c00000| Untracked |  0
|  77|0x0000000084d00000, 0x0000000084e00000, 0x0000000084e00000|100%| O|  |TAMS 0x0000000084e00000| PB 0x0000000084d00000| Untracked |  0
|  78|0x0000000084e00000, 0x0000000084f00000, 0x0000000084f00000|100%| O|  |TAMS 0x0000000084f00000| PB 0x0000000084e00000| Untracked |  0
|  79|0x0000000084f00000, 0x0000000085000000, 0x0000000085000000|100%| O|  |TAMS 0x0000000085000000| PB 0x0000000084f00000| Untracked |  0
|  80|0x0000000085000000, 0x0000000085100000, 0x0000000085100000|100%| O|  |TAMS 0x0000000085100000| PB 0x0000000085000000| Untracked |  0
|  81|0x0000000085100000, 0x0000000085200000, 0x0000000085200000|100%| O|  |TAMS 0x0000000085200000| PB 0x0000000085100000| Untracked |  0
|  82|0x0000000085200000, 0x0000000085300000, 0x0000000085300000|100%| O|  |TAMS 0x0000000085300000| PB 0x0000000085200000| Untracked |  0
|  83|0x0000000085300000, 0x0000000085400000, 0x0000000085400000|100%| O|  |TAMS 0x0000000085400000| PB 0x0000000085300000| Untracked |  0
|  84|0x0000000085400000, 0x0000000085500000, 0x0000000085500000|100%| O|  |TAMS 0x0000000085500000| PB 0x0000000085400000| Untracked |  0
|  85|0x0000000085500000, 0x0000000085600000, 0x0000000085600000|100%| O|  |TAMS 0x0000000085600000| PB 0x0000000085500000| Untracked |  0
|  86|0x0000000085600000, 0x0000000085700000, 0x0000000085700000|100%| O|  |TAMS 0x0000000085700000| PB 0x0000000085600000| Untracked |  0
|  87|0x0000000085700000, 0x0000000085800000, 0x0000000085800000|100%| O|  |TAMS 0x0000000085800000| PB 0x0000000085700000| Untracked |  0
|  88|0x0000000085800000, 0x0000000085900000, 0x0000000085900000|100%| O|  |TAMS 0x0000000085900000| PB 0x0000000085800000| Untracked |  0
|  89|0x0000000085900000, 0x0000000085a00000, 0x0000000085a00000|100%| O|  |TAMS 0x0000000085a00000| PB 0x0000000085900000| Untracked |  0
|  90|0x0000000085a00000, 0x0000000085b00000, 0x0000000085b00000|100%| O|  |TAMS 0x0000000085b00000| PB 0x0000000085a00000| Untracked |  0
|  91|0x0000000085b00000, 0x0000000085c00000, 0x0000000085c00000|100%| O|  |TAMS 0x0000000085c00000| PB 0x0000000085b00000| Untracked |  0
|  92|0x0000000085c00000, 0x0000000085d00000, 0x0000000085d00000|100%| O|  |TAMS 0x0000000085d00000| PB 0x0000000085c00000| Untracked |  0
|  93|0x0000000085d00000, 0x0000000085e00000, 0x0000000085e00000|100%| O|  |TAMS 0x0000000085e00000| PB 0x0000000085d00000| Untracked |  0
|  94|0x0000000085e00000, 0x0000000085f00000, 0x0000000085f00000|100%| O|  |TAMS 0x0000000085f00000| PB 0x0000000085e00000| Untracked |  0
|  95|0x0000000085f00000, 0x0000000086000000, 0x0000000086000000|100%| O|  |TAMS 0x0000000086000000| PB 0x0000000085f00000| Untracked |  0
|  96|0x0000000086000000, 0x0000000086000000, 0x0000000086100000|  0%| F|  |TAMS 0x0000000086000000| PB 0x0000000086000000| Untracked |  0
|  97|0x0000000086100000, 0x0000000086200000, 0x0000000086200000|100%| O|  |TAMS 0x0000000086200000| PB 0x0000000086100000| Untracked |  0
|  98|0x0000000086200000, 0x0000000086200000, 0x0000000086300000|  0%| F|  |TAMS 0x0000000086200000| PB 0x0000000086200000| Untracked |  0
|  99|0x0000000086300000, 0x0000000086300000, 0x0000000086400000|  0%| F|  |TAMS 0x0000000086300000| PB 0x0000000086300000| Untracked |  0
| 100|0x0000000086400000, 0x0000000086500000, 0x0000000086500000|100%| O|  |TAMS 0x0000000086500000| PB 0x0000000086400000| Untracked |  0
| 101|0x0000000086500000, 0x0000000086600000, 0x0000000086600000|100%| O|  |TAMS 0x0000000086600000| PB 0x0000000086500000| Untracked |  0
| 102|0x0000000086600000, 0x0000000086700000, 0x0000000086700000|100%| O|  |TAMS 0x0000000086700000| PB 0x0000000086600000| Untracked |  0
| 103|0x0000000086700000, 0x0000000086800000, 0x0000000086800000|100%| O|  |TAMS 0x0000000086800000| PB 0x0000000086700000| Untracked |  0
| 104|0x0000000086800000, 0x0000000086900000, 0x0000000086900000|100%| O|  |TAMS 0x0000000086900000| PB 0x0000000086800000| Untracked |  0
| 105|0x0000000086900000, 0x0000000086a00000, 0x0000000086a00000|100%| O|  |TAMS 0x0000000086a00000| PB 0x0000000086900000| Untracked |  0
| 106|0x0000000086a00000, 0x0000000086b00000, 0x0000000086b00000|100%| O|  |TAMS 0x0000000086b00000| PB 0x0000000086a00000| Untracked |  0
| 107|0x0000000086b00000, 0x0000000086c00000, 0x0000000086c00000|100%| O|  |TAMS 0x0000000086c00000| PB 0x0000000086b00000| Untracked |  0
| 108|0x0000000086c00000, 0x0000000086d00000, 0x0000000086d00000|100%| O|  |TAMS 0x0000000086d00000| PB 0x0000000086c00000| Untracked |  0
| 109|0x0000000086d00000, 0x0000000086e00000, 0x0000000086e00000|100%| O|  |TAMS 0x0000000086e00000| PB 0x0000000086d00000| Untracked |  0
| 110|0x0000000086e00000, 0x0000000086f00000, 0x0000000086f00000|100%| O|  |TAMS 0x0000000086f00000| PB 0x0000000086e00000| Untracked |  0
| 111|0x0000000086f00000, 0x0000000087000000, 0x0000000087000000|100%| O|  |TAMS 0x0000000087000000| PB 0x0000000086f00000| Untracked |  0
| 112|0x0000000087000000, 0x0000000087100000, 0x0000000087100000|100%| O|  |TAMS 0x0000000087100000| PB 0x0000000087000000| Untracked |  0
| 113|0x0000000087100000, 0x0000000087200000, 0x0000000087200000|100%| O|  |TAMS 0x0000000087200000| PB 0x0000000087100000| Untracked |  0
| 114|0x0000000087200000, 0x0000000087300000, 0x0000000087300000|100%| O|  |TAMS 0x0000000087300000| PB 0x0000000087200000| Untracked |  0
| 115|0x0000000087300000, 0x0000000087400000, 0x0000000087400000|100%| O|  |TAMS 0x0000000087400000| PB 0x0000000087300000| Untracked |  0
| 116|0x0000000087400000, 0x0000000087500000, 0x0000000087500000|100%| O|  |TAMS 0x0000000087500000| PB 0x0000000087400000| Untracked |  0
| 117|0x0000000087500000, 0x0000000087600000, 0x0000000087600000|100%| O|  |TAMS 0x0000000087600000| PB 0x0000000087500000| Untracked |  0
| 118|0x0000000087600000, 0x0000000087700000, 0x0000000087700000|100%| O|  |TAMS 0x0000000087700000| PB 0x0000000087600000| Untracked |  0
| 119|0x0000000087700000, 0x0000000087800000, 0x0000000087800000|100%| O|  |TAMS 0x0000000087800000| PB 0x0000000087700000| Untracked |  0
| 120|0x0000000087800000, 0x0000000087900000, 0x0000000087900000|100%| O|  |TAMS 0x0000000087900000| PB 0x0000000087800000| Untracked |  0
| 121|0x0000000087900000, 0x0000000087a00000, 0x0000000087a00000|100%| O|  |TAMS 0x0000000087a00000| PB 0x0000000087900000| Untracked |  0
| 122|0x0000000087a00000, 0x0000000087b00000, 0x0000000087b00000|100%| O|  |TAMS 0x0000000087b00000| PB 0x0000000087a00000| Untracked |  0
| 123|0x0000000087b00000, 0x0000000087c00000, 0x0000000087c00000|100%| O|  |TAMS 0x0000000087c00000| PB 0x0000000087b00000| Untracked |  0
| 124|0x0000000087c00000, 0x0000000087d00000, 0x0000000087d00000|100%| O|  |TAMS 0x0000000087d00000| PB 0x0000000087c00000| Untracked |  0
| 125|0x0000000087d00000, 0x0000000087e00000, 0x0000000087e00000|100%| O|  |TAMS 0x0000000087e00000| PB 0x0000000087d00000| Untracked |  0
| 126|0x0000000087e00000, 0x0000000087f00000, 0x0000000087f00000|100%| O|  |TAMS 0x0000000087f00000| PB 0x0000000087e00000| Untracked |  0
| 127|0x0000000087f00000, 0x0000000087f00000, 0x0000000088000000|  0%| F|  |TAMS 0x0000000087f00000| PB 0x0000000087f00000| Untracked |  0
| 128|0x0000000088000000, 0x0000000088100000, 0x0000000088100000|100%| O|  |TAMS 0x0000000088100000| PB 0x0000000088000000| Untracked |  0
| 129|0x0000000088100000, 0x0000000088200000, 0x0000000088200000|100%| O|  |TAMS 0x0000000088200000| PB 0x0000000088100000| Untracked |  0
| 130|0x0000000088200000, 0x0000000088300000, 0x0000000088300000|100%| O|  |TAMS 0x0000000088300000| PB 0x0000000088200000| Untracked |  0
| 131|0x0000000088300000, 0x0000000088400000, 0x0000000088400000|100%| O|  |TAMS 0x0000000088400000| PB 0x0000000088300000| Untracked |  0
| 132|0x0000000088400000, 0x0000000088500000, 0x0000000088500000|100%| O|  |TAMS 0x0000000088500000| PB 0x0000000088400000| Untracked |  0
| 133|0x0000000088500000, 0x0000000088600000, 0x0000000088600000|100%| O|  |TAMS 0x0000000088600000| PB 0x0000000088500000| Untracked |  0
| 134|0x0000000088600000, 0x0000000088700000, 0x0000000088700000|100%| O|  |TAMS 0x0000000088700000| PB 0x0000000088600000| Untracked |  0
| 135|0x0000000088700000, 0x0000000088800000, 0x0000000088800000|100%| O|  |TAMS 0x0000000088800000| PB 0x0000000088700000| Untracked |  0
| 136|0x0000000088800000, 0x0000000088900000, 0x0000000088900000|100%| O|  |TAMS 0x00000000888100e0| PB 0x0000000088800000| Untracked |  0
| 137|0x0000000088900000, 0x0000000088900000, 0x0000000088a00000|  0%| F|  |TAMS 0x0000000088900000| PB 0x0000000088900000| Untracked |  0
| 138|0x0000000088a00000, 0x0000000088a00000, 0x0000000088b00000|  0%| F|  |TAMS 0x0000000088a00000| PB 0x0000000088a00000| Untracked |  0
| 139|0x0000000088b00000, 0x0000000088b00000, 0x0000000088c00000|  0%| F|  |TAMS 0x0000000088b00000| PB 0x0000000088b00000| Untracked |  0
| 140|0x0000000088c00000, 0x0000000088d00000, 0x0000000088d00000|100%|HS|  |TAMS 0x0000000088d00000| PB 0x0000000088c00000| Complete |  0
| 141|0x0000000088d00000, 0x0000000088e00000, 0x0000000088e00000|100%|HC|  |TAMS 0x0000000088e00000| PB 0x0000000088d00000| Complete |  0
| 142|0x0000000088e00000, 0x0000000088f00000, 0x0000000088f00000|100%| O|  |TAMS 0x0000000088f00000| PB 0x0000000088e00000| Untracked |  0
| 143|0x0000000088f00000, 0x0000000088f00000, 0x0000000089000000|  0%| F|  |TAMS 0x0000000088f00000| PB 0x0000000088f00000| Untracked |  0
| 144|0x0000000089000000, 0x0000000089100000, 0x0000000089100000|100%| O|  |TAMS 0x0000000089100000| PB 0x0000000089000000| Untracked |  0
| 145|0x0000000089100000, 0x0000000089200000, 0x0000000089200000|100%| O|  |TAMS 0x0000000089200000| PB 0x0000000089100000| Untracked |  0
| 146|0x0000000089200000, 0x0000000089200000, 0x0000000089300000|  0%| F|  |TAMS 0x0000000089200000| PB 0x0000000089200000| Untracked |  0
| 147|0x0000000089300000, 0x0000000089400000, 0x0000000089400000|100%| O|  |TAMS 0x0000000089400000| PB 0x0000000089300000| Untracked |  0
| 148|0x0000000089400000, 0x0000000089400000, 0x0000000089500000|  0%| F|  |TAMS 0x0000000089400000| PB 0x0000000089400000| Untracked |  0
| 149|0x0000000089500000, 0x0000000089600000, 0x0000000089600000|100%| O|  |TAMS 0x0000000089600000| PB 0x0000000089500000| Untracked |  0
| 150|0x0000000089600000, 0x0000000089700000, 0x0000000089700000|100%| O|  |TAMS 0x0000000089700000| PB 0x0000000089600000| Untracked |  0
| 151|0x0000000089700000, 0x0000000089800000, 0x0000000089800000|100%| O|  |TAMS 0x0000000089800000| PB 0x0000000089700000| Untracked |  0
| 152|0x0000000089800000, 0x0000000089800000, 0x0000000089900000|  0%| F|  |TAMS 0x0000000089800000| PB 0x0000000089800000| Untracked |  0
| 153|0x0000000089900000, 0x0000000089900000, 0x0000000089a00000|  0%| F|  |TAMS 0x0000000089900000| PB 0x0000000089900000| Untracked |  0
| 154|0x0000000089a00000, 0x0000000089b00000, 0x0000000089b00000|100%| O|  |TAMS 0x0000000089b00000| PB 0x0000000089a00000| Untracked |  0
| 155|0x0000000089b00000, 0x0000000089c00000, 0x0000000089c00000|100%| O|  |TAMS 0x0000000089c00000| PB 0x0000000089b00000| Untracked |  0
| 156|0x0000000089c00000, 0x0000000089c00000, 0x0000000089d00000|  0%| F|  |TAMS 0x0000000089c00000| PB 0x0000000089c00000| Untracked |  0
| 157|0x0000000089d00000, 0x0000000089d00000, 0x0000000089e00000|  0%| F|  |TAMS 0x0000000089d00000| PB 0x0000000089d00000| Untracked |  0
| 158|0x0000000089e00000, 0x0000000089e00000, 0x0000000089f00000|  0%| F|  |TAMS 0x0000000089e00000| PB 0x0000000089e00000| Untracked |  0
| 159|0x0000000089f00000, 0x0000000089f00000, 0x000000008a000000|  0%| F|  |TAMS 0x0000000089f00000| PB 0x0000000089f00000| Untracked |  0
| 160|0x000000008a000000, 0x000000008a000000, 0x000000008a100000|  0%| F|  |TAMS 0x000000008a000000| PB 0x000000008a000000| Untracked |  0
| 161|0x000000008a100000, 0x000000008a200000, 0x000000008a200000|100%| O|  |TAMS 0x000000008a200000| PB 0x000000008a100000| Untracked |  0
| 162|0x000000008a200000, 0x000000008a200000, 0x000000008a300000|  0%| F|  |TAMS 0x000000008a200000| PB 0x000000008a200000| Untracked |  0
| 163|0x000000008a300000, 0x000000008a300000, 0x000000008a400000|  0%| F|  |TAMS 0x000000008a300000| PB 0x000000008a300000| Untracked |  0
| 164|0x000000008a400000, 0x000000008a500000, 0x000000008a500000|100%| O|  |TAMS 0x000000008a500000| PB 0x000000008a400000| Untracked |  0
| 165|0x000000008a500000, 0x000000008a500000, 0x000000008a600000|  0%| F|  |TAMS 0x000000008a500000| PB 0x000000008a500000| Untracked |  0
| 166|0x000000008a600000, 0x000000008a600000, 0x000000008a700000|  0%| F|  |TAMS 0x000000008a600000| PB 0x000000008a600000| Untracked |  0
| 167|0x000000008a700000, 0x000000008a700000, 0x000000008a800000|  0%| F|  |TAMS 0x000000008a700000| PB 0x000000008a700000| Untracked |  0
| 168|0x000000008a800000, 0x000000008a800000, 0x000000008a900000|  0%| F|  |TAMS 0x000000008a800000| PB 0x000000008a800000| Untracked |  0
| 169|0x000000008a900000, 0x000000008a900000, 0x000000008aa00000|  0%| F|  |TAMS 0x000000008a900000| PB 0x000000008a900000| Untracked |  0
| 170|0x000000008aa00000, 0x000000008aa00000, 0x000000008ab00000|  0%| F|  |TAMS 0x000000008aa00000| PB 0x000000008aa00000| Untracked |  0
| 171|0x000000008ab00000, 0x000000008ab00000, 0x000000008ac00000|  0%| F|  |TAMS 0x000000008ab00000| PB 0x000000008ab00000| Untracked |  0
| 172|0x000000008ac00000, 0x000000008ad00000, 0x000000008ad00000|100%| S|CS|TAMS 0x000000008ac00000| PB 0x000000008ac00000| Complete |  0
| 173|0x000000008ad00000, 0x000000008ae00000, 0x000000008ae00000|100%| S|CS|TAMS 0x000000008ad00000| PB 0x000000008ad00000| Complete |  0
| 174|0x000000008ae00000, 0x000000008af00000, 0x000000008af00000|100%| S|CS|TAMS 0x000000008ae00000| PB 0x000000008ae00000| Complete |  0
| 175|0x000000008af00000, 0x000000008b000000, 0x000000008b000000|100%| S|CS|TAMS 0x000000008af00000| PB 0x000000008af00000| Complete |  0
| 176|0x000000008b000000, 0x000000008b100000, 0x000000008b100000|100%| S|CS|TAMS 0x000000008b000000| PB 0x000000008b000000| Complete |  0
| 177|0x000000008b100000, 0x000000008b200000, 0x000000008b200000|100%| S|CS|TAMS 0x000000008b100000| PB 0x000000008b100000| Complete |  0
| 178|0x000000008b200000, 0x000000008b300000, 0x000000008b300000|100%| S|CS|TAMS 0x000000008b200000| PB 0x000000008b200000| Complete |  0
| 179|0x000000008b300000, 0x000000008b400000, 0x000000008b400000|100%| S|CS|TAMS 0x000000008b300000| PB 0x000000008b300000| Complete |  0
| 180|0x000000008b400000, 0x000000008b500000, 0x000000008b500000|100%| S|CS|TAMS 0x000000008b400000| PB 0x000000008b400000| Complete |  0
| 181|0x000000008b500000, 0x000000008b600000, 0x000000008b600000|100%| S|CS|TAMS 0x000000008b500000| PB 0x000000008b500000| Complete |  0
| 182|0x000000008b600000, 0x000000008b700000, 0x000000008b700000|100%| S|CS|TAMS 0x000000008b600000| PB 0x000000008b600000| Complete |  0
| 183|0x000000008b700000, 0x000000008b800000, 0x000000008b800000|100%| S|CS|TAMS 0x000000008b700000| PB 0x000000008b700000| Complete |  0
| 184|0x000000008b800000, 0x000000008b900000, 0x000000008b900000|100%| S|CS|TAMS 0x000000008b800000| PB 0x000000008b800000| Complete |  0
| 185|0x000000008b900000, 0x000000008ba00000, 0x000000008ba00000|100%| S|CS|TAMS 0x000000008b900000| PB 0x000000008b900000| Complete |  0
| 186|0x000000008ba00000, 0x000000008ba00000, 0x000000008bb00000|  0%| F|  |TAMS 0x000000008ba00000| PB 0x000000008ba00000| Untracked |  0
| 187|0x000000008bb00000, 0x000000008bb00000, 0x000000008bc00000|  0%| F|  |TAMS 0x000000008bb00000| PB 0x000000008bb00000| Untracked |  0
| 188|0x000000008bc00000, 0x000000008bc00000, 0x000000008bd00000|  0%| F|  |TAMS 0x000000008bc00000| PB 0x000000008bc00000| Untracked |  0
| 189|0x000000008bd00000, 0x000000008bd00000, 0x000000008be00000|  0%| F|  |TAMS 0x000000008bd00000| PB 0x000000008bd00000| Untracked |  0
| 190|0x000000008be00000, 0x000000008be00000, 0x000000008bf00000|  0%| F|  |TAMS 0x000000008be00000| PB 0x000000008be00000| Untracked |  0
| 191|0x000000008bf00000, 0x000000008bf00000, 0x000000008c000000|  0%| F|  |TAMS 0x000000008bf00000| PB 0x000000008bf00000| Untracked |  0
| 192|0x000000008c000000, 0x000000008c000000, 0x000000008c100000|  0%| F|  |TAMS 0x000000008c000000| PB 0x000000008c000000| Untracked |  0
| 193|0x000000008c100000, 0x000000008c100000, 0x000000008c200000|  0%| F|  |TAMS 0x000000008c100000| PB 0x000000008c100000| Untracked |  0
| 194|0x000000008c200000, 0x000000008c200000, 0x000000008c300000|  0%| F|  |TAMS 0x000000008c200000| PB 0x000000008c200000| Untracked |  0
| 195|0x000000008c300000, 0x000000008c300000, 0x000000008c400000|  0%| F|  |TAMS 0x000000008c300000| PB 0x000000008c300000| Untracked |  0
| 196|0x000000008c400000, 0x000000008c400000, 0x000000008c500000|  0%| F|  |TAMS 0x000000008c400000| PB 0x000000008c400000| Untracked |  0
| 197|0x000000008c500000, 0x000000008c500000, 0x000000008c600000|  0%| F|  |TAMS 0x000000008c500000| PB 0x000000008c500000| Untracked |  0
| 198|0x000000008c600000, 0x000000008c600000, 0x000000008c700000|  0%| F|  |TAMS 0x000000008c600000| PB 0x000000008c600000| Untracked |  0
| 199|0x000000008c700000, 0x000000008c700000, 0x000000008c800000|  0%| F|  |TAMS 0x000000008c700000| PB 0x000000008c700000| Untracked |  0
| 200|0x000000008c800000, 0x000000008c800000, 0x000000008c900000|  0%| F|  |TAMS 0x000000008c800000| PB 0x000000008c800000| Untracked |  0
| 201|0x000000008c900000, 0x000000008c900000, 0x000000008ca00000|  0%| F|  |TAMS 0x000000008c900000| PB 0x000000008c900000| Untracked |  0
| 202|0x000000008ca00000, 0x000000008ca00000, 0x000000008cb00000|  0%| F|  |TAMS 0x000000008ca00000| PB 0x000000008ca00000| Untracked |  0
| 203|0x000000008cb00000, 0x000000008cb00000, 0x000000008cc00000|  0%| F|  |TAMS 0x000000008cb00000| PB 0x000000008cb00000| Untracked |  0
| 204|0x000000008cc00000, 0x000000008cc00000, 0x000000008cd00000|  0%| F|  |TAMS 0x000000008cc00000| PB 0x000000008cc00000| Untracked |  0
| 205|0x000000008cd00000, 0x000000008cd00000, 0x000000008ce00000|  0%| F|  |TAMS 0x000000008cd00000| PB 0x000000008cd00000| Untracked |  0
| 206|0x000000008ce00000, 0x000000008ce00000, 0x000000008cf00000|  0%| F|  |TAMS 0x000000008ce00000| PB 0x000000008ce00000| Untracked |  0
| 207|0x000000008cf00000, 0x000000008cf00000, 0x000000008d000000|  0%| F|  |TAMS 0x000000008cf00000| PB 0x000000008cf00000| Untracked |  0
| 208|0x000000008d000000, 0x000000008d000000, 0x000000008d100000|  0%| F|  |TAMS 0x000000008d000000| PB 0x000000008d000000| Untracked |  0
| 209|0x000000008d100000, 0x000000008d100000, 0x000000008d200000|  0%| F|  |TAMS 0x000000008d100000| PB 0x000000008d100000| Untracked |  0
| 210|0x000000008d200000, 0x000000008d200000, 0x000000008d300000|  0%| F|  |TAMS 0x000000008d200000| PB 0x000000008d200000| Untracked |  0
| 211|0x000000008d300000, 0x000000008d300000, 0x000000008d400000|  0%| F|  |TAMS 0x000000008d300000| PB 0x000000008d300000| Untracked |  0
| 212|0x000000008d400000, 0x000000008d400000, 0x000000008d500000|  0%| F|  |TAMS 0x000000008d400000| PB 0x000000008d400000| Untracked |  0
| 213|0x000000008d500000, 0x000000008d500000, 0x000000008d600000|  0%| F|  |TAMS 0x000000008d500000| PB 0x000000008d500000| Untracked |  0
| 214|0x000000008d600000, 0x000000008d600000, 0x000000008d700000|  0%| F|  |TAMS 0x000000008d600000| PB 0x000000008d600000| Untracked |  0
| 215|0x000000008d700000, 0x000000008d700000, 0x000000008d800000|  0%| F|  |TAMS 0x000000008d700000| PB 0x000000008d700000| Untracked |  0
| 216|0x000000008d800000, 0x000000008d800000, 0x000000008d900000|  0%| F|  |TAMS 0x000000008d800000| PB 0x000000008d800000| Untracked |  0
| 217|0x000000008d900000, 0x000000008d900000, 0x000000008da00000|  0%| F|  |TAMS 0x000000008d900000| PB 0x000000008d900000| Untracked |  0
| 218|0x000000008da00000, 0x000000008da00000, 0x000000008db00000|  0%| F|  |TAMS 0x000000008da00000| PB 0x000000008da00000| Untracked |  0
| 219|0x000000008db00000, 0x000000008db00000, 0x000000008dc00000|  0%| F|  |TAMS 0x000000008db00000| PB 0x000000008db00000| Untracked |  0
| 220|0x000000008dc00000, 0x000000008dc00000, 0x000000008dd00000|  0%| F|  |TAMS 0x000000008dc00000| PB 0x000000008dc00000| Untracked |  0
| 221|0x000000008dd00000, 0x000000008dd00000, 0x000000008de00000|  0%| F|  |TAMS 0x000000008dd00000| PB 0x000000008dd00000| Untracked |  0
| 222|0x000000008de00000, 0x000000008de00000, 0x000000008df00000|  0%| F|  |TAMS 0x000000008de00000| PB 0x000000008de00000| Untracked |  0
| 223|0x000000008df00000, 0x000000008df00000, 0x000000008e000000|  0%| F|  |TAMS 0x000000008df00000| PB 0x000000008df00000| Untracked |  0
| 224|0x000000008e000000, 0x000000008e000000, 0x000000008e100000|  0%| F|  |TAMS 0x000000008e000000| PB 0x000000008e000000| Untracked |  0
| 225|0x000000008e100000, 0x000000008e100000, 0x000000008e200000|  0%| F|  |TAMS 0x000000008e100000| PB 0x000000008e100000| Untracked |  0
| 226|0x000000008e200000, 0x000000008e200000, 0x000000008e300000|  0%| F|  |TAMS 0x000000008e200000| PB 0x000000008e200000| Untracked |  0
| 227|0x000000008e300000, 0x000000008e300000, 0x000000008e400000|  0%| F|  |TAMS 0x000000008e300000| PB 0x000000008e300000| Untracked |  0
| 228|0x000000008e400000, 0x000000008e400000, 0x000000008e500000|  0%| F|  |TAMS 0x000000008e400000| PB 0x000000008e400000| Untracked |  0
| 229|0x000000008e500000, 0x000000008e500000, 0x000000008e600000|  0%| F|  |TAMS 0x000000008e500000| PB 0x000000008e500000| Untracked |  0
| 230|0x000000008e600000, 0x000000008e600000, 0x000000008e700000|  0%| F|  |TAMS 0x000000008e600000| PB 0x000000008e600000| Untracked |  0
| 231|0x000000008e700000, 0x000000008e700000, 0x000000008e800000|  0%| F|  |TAMS 0x000000008e700000| PB 0x000000008e700000| Untracked |  0
| 232|0x000000008e800000, 0x000000008e800000, 0x000000008e900000|  0%| F|  |TAMS 0x000000008e800000| PB 0x000000008e800000| Untracked |  0
| 233|0x000000008e900000, 0x000000008e900000, 0x000000008ea00000|  0%| F|  |TAMS 0x000000008e900000| PB 0x000000008e900000| Untracked |  0
| 234|0x000000008ea00000, 0x000000008ea00000, 0x000000008eb00000|  0%| F|  |TAMS 0x000000008ea00000| PB 0x000000008ea00000| Untracked |  0
| 235|0x000000008eb00000, 0x000000008eb00000, 0x000000008ec00000|  0%| F|  |TAMS 0x000000008eb00000| PB 0x000000008eb00000| Untracked |  0
| 236|0x000000008ec00000, 0x000000008ec00000, 0x000000008ed00000|  0%| F|  |TAMS 0x000000008ec00000| PB 0x000000008ec00000| Untracked |  0
| 237|0x000000008ed00000, 0x000000008ed00000, 0x000000008ee00000|  0%| F|  |TAMS 0x000000008ed00000| PB 0x000000008ed00000| Untracked |  0
| 238|0x000000008ee00000, 0x000000008ee00000, 0x000000008ef00000|  0%| F|  |TAMS 0x000000008ee00000| PB 0x000000008ee00000| Untracked |  0
| 239|0x000000008ef00000, 0x000000008ef00000, 0x000000008f000000|  0%| F|  |TAMS 0x000000008ef00000| PB 0x000000008ef00000| Untracked |  0
| 240|0x000000008f000000, 0x000000008f000000, 0x000000008f100000|  0%| F|  |TAMS 0x000000008f000000| PB 0x000000008f000000| Untracked |  0
| 241|0x000000008f100000, 0x000000008f100000, 0x000000008f200000|  0%| F|  |TAMS 0x000000008f100000| PB 0x000000008f100000| Untracked |  0
| 242|0x000000008f200000, 0x000000008f200000, 0x000000008f300000|  0%| F|  |TAMS 0x000000008f200000| PB 0x000000008f200000| Untracked |  0
| 243|0x000000008f300000, 0x000000008f300000, 0x000000008f400000|  0%| F|  |TAMS 0x000000008f300000| PB 0x000000008f300000| Untracked |  0
| 244|0x000000008f400000, 0x000000008f400000, 0x000000008f500000|  0%| F|  |TAMS 0x000000008f400000| PB 0x000000008f400000| Untracked |  0
| 245|0x000000008f500000, 0x000000008f500000, 0x000000008f600000|  0%| F|  |TAMS 0x000000008f500000| PB 0x000000008f500000| Untracked |  0
| 246|0x000000008f600000, 0x000000008f600000, 0x000000008f700000|  0%| F|  |TAMS 0x000000008f600000| PB 0x000000008f600000| Untracked |  0
| 247|0x000000008f700000, 0x000000008f700000, 0x000000008f800000|  0%| F|  |TAMS 0x000000008f700000| PB 0x000000008f700000| Untracked |  0
| 248|0x000000008f800000, 0x000000008f800000, 0x000000008f900000|  0%| F|  |TAMS 0x000000008f800000| PB 0x000000008f800000| Untracked |  0
| 249|0x000000008f900000, 0x000000008f900000, 0x000000008fa00000|  0%| F|  |TAMS 0x000000008f900000| PB 0x000000008f900000| Untracked |  0
| 250|0x000000008fa00000, 0x000000008fa00000, 0x000000008fb00000|  0%| F|  |TAMS 0x000000008fa00000| PB 0x000000008fa00000| Untracked |  0
| 251|0x000000008fb00000, 0x000000008fb00000, 0x000000008fc00000|  0%| F|  |TAMS 0x000000008fb00000| PB 0x000000008fb00000| Untracked |  0
| 252|0x000000008fc00000, 0x000000008fc00000, 0x000000008fd00000|  0%| F|  |TAMS 0x000000008fc00000| PB 0x000000008fc00000| Untracked |  0
| 253|0x000000008fd00000, 0x000000008fd00000, 0x000000008fe00000|  0%| F|  |TAMS 0x000000008fd00000| PB 0x000000008fd00000| Untracked |  0
| 254|0x000000008fe00000, 0x000000008fe00000, 0x000000008ff00000|  0%| F|  |TAMS 0x000000008fe00000| PB 0x000000008fe00000| Untracked |  0
| 255|0x000000008ff00000, 0x000000008ff00000, 0x0000000090000000|  0%| F|  |TAMS 0x000000008ff00000| PB 0x000000008ff00000| Untracked |  0
| 256|0x0000000090000000, 0x0000000090000000, 0x0000000090100000|  0%| F|  |TAMS 0x0000000090000000| PB 0x0000000090000000| Untracked |  0
| 257|0x0000000090100000, 0x0000000090100000, 0x0000000090200000|  0%| F|  |TAMS 0x0000000090100000| PB 0x0000000090100000| Untracked |  0
| 258|0x0000000090200000, 0x0000000090200000, 0x0000000090300000|  0%| F|  |TAMS 0x0000000090200000| PB 0x0000000090200000| Untracked |  0
| 259|0x0000000090300000, 0x0000000090300000, 0x0000000090400000|  0%| F|  |TAMS 0x0000000090300000| PB 0x0000000090300000| Untracked |  0
| 260|0x0000000090400000, 0x0000000090400000, 0x0000000090500000|  0%| F|  |TAMS 0x0000000090400000| PB 0x0000000090400000| Untracked |  0
| 261|0x0000000090500000, 0x0000000090500000, 0x0000000090600000|  0%| F|  |TAMS 0x0000000090500000| PB 0x0000000090500000| Untracked |  0
| 262|0x0000000090600000, 0x0000000090600000, 0x0000000090700000|  0%| F|  |TAMS 0x0000000090600000| PB 0x0000000090600000| Untracked |  0
| 263|0x0000000090700000, 0x0000000090700000, 0x0000000090800000|  0%| F|  |TAMS 0x0000000090700000| PB 0x0000000090700000| Untracked |  0
| 264|0x0000000090800000, 0x0000000090800000, 0x0000000090900000|  0%| F|  |TAMS 0x0000000090800000| PB 0x0000000090800000| Untracked |  0
| 265|0x0000000090900000, 0x0000000090900000, 0x0000000090a00000|  0%| F|  |TAMS 0x0000000090900000| PB 0x0000000090900000| Untracked |  0
| 266|0x0000000090a00000, 0x0000000090a00000, 0x0000000090b00000|  0%| F|  |TAMS 0x0000000090a00000| PB 0x0000000090a00000| Untracked |  0
| 267|0x0000000090b00000, 0x0000000090b00000, 0x0000000090c00000|  0%| F|  |TAMS 0x0000000090b00000| PB 0x0000000090b00000| Untracked |  0
| 268|0x0000000090c00000, 0x0000000090c00000, 0x0000000090d00000|  0%| F|  |TAMS 0x0000000090c00000| PB 0x0000000090c00000| Untracked |  0
| 269|0x0000000090d00000, 0x0000000090d00000, 0x0000000090e00000|  0%| F|  |TAMS 0x0000000090d00000| PB 0x0000000090d00000| Untracked |  0
| 270|0x0000000090e00000, 0x0000000090e00000, 0x0000000090f00000|  0%| F|  |TAMS 0x0000000090e00000| PB 0x0000000090e00000| Untracked |  0
| 271|0x0000000090f00000, 0x0000000090f00000, 0x0000000091000000|  0%| F|  |TAMS 0x0000000090f00000| PB 0x0000000090f00000| Untracked |  0
| 272|0x0000000091000000, 0x0000000091000000, 0x0000000091100000|  0%| F|  |TAMS 0x0000000091000000| PB 0x0000000091000000| Untracked |  0
| 273|0x0000000091100000, 0x0000000091100000, 0x0000000091200000|  0%| F|  |TAMS 0x0000000091100000| PB 0x0000000091100000| Untracked |  0
| 274|0x0000000091200000, 0x0000000091200000, 0x0000000091300000|  0%| F|  |TAMS 0x0000000091200000| PB 0x0000000091200000| Untracked |  0
| 275|0x0000000091300000, 0x0000000091300000, 0x0000000091400000|  0%| F|  |TAMS 0x0000000091300000| PB 0x0000000091300000| Untracked |  0
| 276|0x0000000091400000, 0x0000000091400000, 0x0000000091500000|  0%| F|  |TAMS 0x0000000091400000| PB 0x0000000091400000| Untracked |  0
| 277|0x0000000091500000, 0x0000000091500000, 0x0000000091600000|  0%| F|  |TAMS 0x0000000091500000| PB 0x0000000091500000| Untracked |  0
| 278|0x0000000091600000, 0x0000000091600000, 0x0000000091700000|  0%| F|  |TAMS 0x0000000091600000| PB 0x0000000091600000| Untracked |  0
| 279|0x0000000091700000, 0x0000000091700000, 0x0000000091800000|  0%| F|  |TAMS 0x0000000091700000| PB 0x0000000091700000| Untracked |  0
| 280|0x0000000091800000, 0x0000000091800000, 0x0000000091900000|  0%| F|  |TAMS 0x0000000091800000| PB 0x0000000091800000| Untracked |  0
| 281|0x0000000091900000, 0x0000000091900000, 0x0000000091a00000|  0%| F|  |TAMS 0x0000000091900000| PB 0x0000000091900000| Untracked |  0
| 282|0x0000000091a00000, 0x0000000091a00000, 0x0000000091b00000|  0%| F|  |TAMS 0x0000000091a00000| PB 0x0000000091a00000| Untracked |  0
| 283|0x0000000091b00000, 0x0000000091b00000, 0x0000000091c00000|  0%| F|  |TAMS 0x0000000091b00000| PB 0x0000000091b00000| Untracked |  0
| 284|0x0000000091c00000, 0x0000000091c00000, 0x0000000091d00000|  0%| F|  |TAMS 0x0000000091c00000| PB 0x0000000091c00000| Untracked |  0
| 285|0x0000000091d00000, 0x0000000091d00000, 0x0000000091e00000|  0%| F|  |TAMS 0x0000000091d00000| PB 0x0000000091d00000| Untracked |  0
| 286|0x0000000091e00000, 0x0000000091e00000, 0x0000000091f00000|  0%| F|  |TAMS 0x0000000091e00000| PB 0x0000000091e00000| Untracked |  0
| 287|0x0000000091f00000, 0x0000000091f00000, 0x0000000092000000|  0%| F|  |TAMS 0x0000000091f00000| PB 0x0000000091f00000| Untracked |  0
| 288|0x0000000092000000, 0x0000000092000000, 0x0000000092100000|  0%| F|  |TAMS 0x0000000092000000| PB 0x0000000092000000| Untracked |  0
| 289|0x0000000092100000, 0x0000000092100000, 0x0000000092200000|  0%| F|  |TAMS 0x0000000092100000| PB 0x0000000092100000| Untracked |  0
| 290|0x0000000092200000, 0x0000000092200000, 0x0000000092300000|  0%| F|  |TAMS 0x0000000092200000| PB 0x0000000092200000| Untracked |  0
| 291|0x0000000092300000, 0x0000000092300000, 0x0000000092400000|  0%| F|  |TAMS 0x0000000092300000| PB 0x0000000092300000| Untracked |  0
| 292|0x0000000092400000, 0x0000000092400000, 0x0000000092500000|  0%| F|  |TAMS 0x0000000092400000| PB 0x0000000092400000| Untracked |  0
| 293|0x0000000092500000, 0x0000000092500000, 0x0000000092600000|  0%| F|  |TAMS 0x0000000092500000| PB 0x0000000092500000| Untracked |  0
| 294|0x0000000092600000, 0x0000000092600000, 0x0000000092700000|  0%| F|  |TAMS 0x0000000092600000| PB 0x0000000092600000| Untracked |  0
| 295|0x0000000092700000, 0x0000000092700000, 0x0000000092800000|  0%| F|  |TAMS 0x0000000092700000| PB 0x0000000092700000| Untracked |  0
| 296|0x0000000092800000, 0x0000000092800000, 0x0000000092900000|  0%| F|  |TAMS 0x0000000092800000| PB 0x0000000092800000| Untracked |  0
| 297|0x0000000092900000, 0x0000000092900000, 0x0000000092a00000|  0%| F|  |TAMS 0x0000000092900000| PB 0x0000000092900000| Untracked |  0
| 298|0x0000000092a00000, 0x0000000092a00000, 0x0000000092b00000|  0%| F|  |TAMS 0x0000000092a00000| PB 0x0000000092a00000| Untracked |  0
| 299|0x0000000092b00000, 0x0000000092b00000, 0x0000000092c00000|  0%| F|  |TAMS 0x0000000092b00000| PB 0x0000000092b00000| Untracked |  0
| 300|0x0000000092c00000, 0x0000000092c00000, 0x0000000092d00000|  0%| F|  |TAMS 0x0000000092c00000| PB 0x0000000092c00000| Untracked |  0
| 301|0x0000000092d00000, 0x0000000092d00000, 0x0000000092e00000|  0%| F|  |TAMS 0x0000000092d00000| PB 0x0000000092d00000| Untracked |  0
| 302|0x0000000092e00000, 0x0000000092e00000, 0x0000000092f00000|  0%| F|  |TAMS 0x0000000092e00000| PB 0x0000000092e00000| Untracked |  0
| 303|0x0000000092f00000, 0x0000000092f00000, 0x0000000093000000|  0%| F|  |TAMS 0x0000000092f00000| PB 0x0000000092f00000| Untracked |  0
| 304|0x0000000093000000, 0x0000000093000000, 0x0000000093100000|  0%| F|  |TAMS 0x0000000093000000| PB 0x0000000093000000| Untracked |  0
| 305|0x0000000093100000, 0x0000000093100000, 0x0000000093200000|  0%| F|  |TAMS 0x0000000093100000| PB 0x0000000093100000| Untracked |  0
| 306|0x0000000093200000, 0x0000000093200000, 0x0000000093300000|  0%| F|  |TAMS 0x0000000093200000| PB 0x0000000093200000| Untracked |  0
| 307|0x0000000093300000, 0x0000000093300000, 0x0000000093400000|  0%| F|  |TAMS 0x0000000093300000| PB 0x0000000093300000| Untracked |  0
| 308|0x0000000093400000, 0x0000000093400000, 0x0000000093500000|  0%| F|  |TAMS 0x0000000093400000| PB 0x0000000093400000| Untracked |  0
| 309|0x0000000093500000, 0x0000000093500000, 0x0000000093600000|  0%| F|  |TAMS 0x0000000093500000| PB 0x0000000093500000| Untracked |  0
| 310|0x0000000093600000, 0x0000000093600000, 0x0000000093700000|  0%| F|  |TAMS 0x0000000093600000| PB 0x0000000093600000| Untracked |  0
| 311|0x0000000093700000, 0x0000000093700000, 0x0000000093800000|  0%| F|  |TAMS 0x0000000093700000| PB 0x0000000093700000| Untracked |  0
| 312|0x0000000093800000, 0x0000000093800000, 0x0000000093900000|  0%| F|  |TAMS 0x0000000093800000| PB 0x0000000093800000| Untracked |  0
| 313|0x0000000093900000, 0x0000000093900000, 0x0000000093a00000|  0%| F|  |TAMS 0x0000000093900000| PB 0x0000000093900000| Untracked |  0
| 314|0x0000000093a00000, 0x0000000093a00000, 0x0000000093b00000|  0%| F|  |TAMS 0x0000000093a00000| PB 0x0000000093a00000| Untracked |  0
| 315|0x0000000093b00000, 0x0000000093b00000, 0x0000000093c00000|  0%| F|  |TAMS 0x0000000093b00000| PB 0x0000000093b00000| Untracked |  0
| 316|0x0000000093c00000, 0x0000000093c00000, 0x0000000093d00000|  0%| F|  |TAMS 0x0000000093c00000| PB 0x0000000093c00000| Untracked |  0
| 317|0x0000000093d00000, 0x0000000093d00000, 0x0000000093e00000|  0%| F|  |TAMS 0x0000000093d00000| PB 0x0000000093d00000| Untracked |  0
| 318|0x0000000093e00000, 0x0000000093e00000, 0x0000000093f00000|  0%| F|  |TAMS 0x0000000093e00000| PB 0x0000000093e00000| Untracked |  0
| 319|0x0000000093f00000, 0x0000000093f00000, 0x0000000094000000|  0%| F|  |TAMS 0x0000000093f00000| PB 0x0000000093f00000| Untracked |  0
| 320|0x0000000094000000, 0x0000000094000000, 0x0000000094100000|  0%| F|  |TAMS 0x0000000094000000| PB 0x0000000094000000| Untracked |  0
| 321|0x0000000094100000, 0x0000000094100000, 0x0000000094200000|  0%| F|  |TAMS 0x0000000094100000| PB 0x0000000094100000| Untracked |  0
| 322|0x0000000094200000, 0x0000000094200000, 0x0000000094300000|  0%| F|  |TAMS 0x0000000094200000| PB 0x0000000094200000| Untracked |  0
| 323|0x0000000094300000, 0x0000000094300000, 0x0000000094400000|  0%| F|  |TAMS 0x0000000094300000| PB 0x0000000094300000| Untracked |  0
| 324|0x0000000094400000, 0x0000000094400000, 0x0000000094500000|  0%| F|  |TAMS 0x0000000094400000| PB 0x0000000094400000| Untracked |  0
| 325|0x0000000094500000, 0x0000000094500000, 0x0000000094600000|  0%| F|  |TAMS 0x0000000094500000| PB 0x0000000094500000| Untracked |  0
| 326|0x0000000094600000, 0x0000000094600000, 0x0000000094700000|  0%| F|  |TAMS 0x0000000094600000| PB 0x0000000094600000| Untracked |  0
| 327|0x0000000094700000, 0x0000000094700000, 0x0000000094800000|  0%| F|  |TAMS 0x0000000094700000| PB 0x0000000094700000| Untracked |  0
| 328|0x0000000094800000, 0x0000000094800000, 0x0000000094900000|  0%| F|  |TAMS 0x0000000094800000| PB 0x0000000094800000| Untracked |  0
| 329|0x0000000094900000, 0x0000000094900000, 0x0000000094a00000|  0%| F|  |TAMS 0x0000000094900000| PB 0x0000000094900000| Untracked |  0
| 330|0x0000000094a00000, 0x0000000094a00000, 0x0000000094b00000|  0%| F|  |TAMS 0x0000000094a00000| PB 0x0000000094a00000| Untracked |  0
| 331|0x0000000094b00000, 0x0000000094b00000, 0x0000000094c00000|  0%| F|  |TAMS 0x0000000094b00000| PB 0x0000000094b00000| Untracked |  0
| 332|0x0000000094c00000, 0x0000000094c00000, 0x0000000094d00000|  0%| F|  |TAMS 0x0000000094c00000| PB 0x0000000094c00000| Untracked |  0
| 333|0x0000000094d00000, 0x0000000094d00000, 0x0000000094e00000|  0%| F|  |TAMS 0x0000000094d00000| PB 0x0000000094d00000| Untracked |  0
| 334|0x0000000094e00000, 0x0000000094e00000, 0x0000000094f00000|  0%| F|  |TAMS 0x0000000094e00000| PB 0x0000000094e00000| Untracked |  0
| 335|0x0000000094f00000, 0x0000000094f00000, 0x0000000095000000|  0%| F|  |TAMS 0x0000000094f00000| PB 0x0000000094f00000| Untracked |  0
| 336|0x0000000095000000, 0x0000000095000000, 0x0000000095100000|  0%| F|  |TAMS 0x0000000095000000| PB 0x0000000095000000| Untracked |  0
| 337|0x0000000095100000, 0x0000000095100000, 0x0000000095200000|  0%| F|  |TAMS 0x0000000095100000| PB 0x0000000095100000| Untracked |  0
| 338|0x0000000095200000, 0x0000000095200000, 0x0000000095300000|  0%| F|  |TAMS 0x0000000095200000| PB 0x0000000095200000| Untracked |  0
| 339|0x0000000095300000, 0x0000000095300000, 0x0000000095400000|  0%| F|  |TAMS 0x0000000095300000| PB 0x0000000095300000| Untracked |  0
| 340|0x0000000095400000, 0x0000000095400000, 0x0000000095500000|  0%| F|  |TAMS 0x0000000095400000| PB 0x0000000095400000| Untracked |  0
| 341|0x0000000095500000, 0x0000000095500000, 0x0000000095600000|  0%| F|  |TAMS 0x0000000095500000| PB 0x0000000095500000| Untracked |  0
| 342|0x0000000095600000, 0x0000000095600000, 0x0000000095700000|  0%| F|  |TAMS 0x0000000095600000| PB 0x0000000095600000| Untracked |  0
| 343|0x0000000095700000, 0x0000000095700000, 0x0000000095800000|  0%| F|  |TAMS 0x0000000095700000| PB 0x0000000095700000| Untracked |  0
| 344|0x0000000095800000, 0x0000000095800000, 0x0000000095900000|  0%| F|  |TAMS 0x0000000095800000| PB 0x0000000095800000| Untracked |  0
| 345|0x0000000095900000, 0x0000000095900000, 0x0000000095a00000|  0%| F|  |TAMS 0x0000000095900000| PB 0x0000000095900000| Untracked |  0
| 346|0x0000000095a00000, 0x0000000095a00000, 0x0000000095b00000|  0%| F|  |TAMS 0x0000000095a00000| PB 0x0000000095a00000| Untracked |  0
| 347|0x0000000095b00000, 0x0000000095b00000, 0x0000000095c00000|  0%| F|  |TAMS 0x0000000095b00000| PB 0x0000000095b00000| Untracked |  0
| 348|0x0000000095c00000, 0x0000000095c00000, 0x0000000095d00000|  0%| F|  |TAMS 0x0000000095c00000| PB 0x0000000095c00000| Untracked |  0
| 349|0x0000000095d00000, 0x0000000095d00000, 0x0000000095e00000|  0%| F|  |TAMS 0x0000000095d00000| PB 0x0000000095d00000| Untracked |  0
| 350|0x0000000095e00000, 0x0000000095e00000, 0x0000000095f00000|  0%| F|  |TAMS 0x0000000095e00000| PB 0x0000000095e00000| Untracked |  0
| 351|0x0000000095f00000, 0x0000000095f00000, 0x0000000096000000|  0%| F|  |TAMS 0x0000000095f00000| PB 0x0000000095f00000| Untracked |  0
| 352|0x0000000096000000, 0x0000000096000000, 0x0000000096100000|  0%| F|  |TAMS 0x0000000096000000| PB 0x0000000096000000| Untracked |  0
| 353|0x0000000096100000, 0x0000000096100000, 0x0000000096200000|  0%| F|  |TAMS 0x0000000096100000| PB 0x0000000096100000| Untracked |  0
| 354|0x0000000096200000, 0x0000000096200000, 0x0000000096300000|  0%| F|  |TAMS 0x0000000096200000| PB 0x0000000096200000| Untracked |  0
| 355|0x0000000096300000, 0x0000000096300000, 0x0000000096400000|  0%| F|  |TAMS 0x0000000096300000| PB 0x0000000096300000| Untracked |  0
| 356|0x0000000096400000, 0x0000000096400000, 0x0000000096500000|  0%| F|  |TAMS 0x0000000096400000| PB 0x0000000096400000| Untracked |  0
| 357|0x0000000096500000, 0x0000000096500000, 0x0000000096600000|  0%| F|  |TAMS 0x0000000096500000| PB 0x0000000096500000| Untracked |  0
| 358|0x0000000096600000, 0x0000000096600000, 0x0000000096700000|  0%| F|  |TAMS 0x0000000096600000| PB 0x0000000096600000| Untracked |  0
| 359|0x0000000096700000, 0x0000000096700000, 0x0000000096800000|  0%| F|  |TAMS 0x0000000096700000| PB 0x0000000096700000| Untracked |  0
| 360|0x0000000096800000, 0x0000000096800000, 0x0000000096900000|  0%| F|  |TAMS 0x0000000096800000| PB 0x0000000096800000| Untracked |  0
| 361|0x0000000096900000, 0x0000000096900000, 0x0000000096a00000|  0%| F|  |TAMS 0x0000000096900000| PB 0x0000000096900000| Untracked |  0
| 362|0x0000000096a00000, 0x0000000096a00000, 0x0000000096b00000|  0%| F|  |TAMS 0x0000000096a00000| PB 0x0000000096a00000| Untracked |  0
| 363|0x0000000096b00000, 0x0000000096b00000, 0x0000000096c00000|  0%| F|  |TAMS 0x0000000096b00000| PB 0x0000000096b00000| Untracked |  0
| 364|0x0000000096c00000, 0x0000000096c00000, 0x0000000096d00000|  0%| F|  |TAMS 0x0000000096c00000| PB 0x0000000096c00000| Untracked |  0
| 365|0x0000000096d00000, 0x0000000096d00000, 0x0000000096e00000|  0%| F|  |TAMS 0x0000000096d00000| PB 0x0000000096d00000| Untracked |  0
| 366|0x0000000096e00000, 0x0000000096e00000, 0x0000000096f00000|  0%| F|  |TAMS 0x0000000096e00000| PB 0x0000000096e00000| Untracked |  0
| 367|0x0000000096f00000, 0x0000000096f00000, 0x0000000097000000|  0%| F|  |TAMS 0x0000000096f00000| PB 0x0000000096f00000| Untracked |  0
| 368|0x0000000097000000, 0x0000000097000000, 0x0000000097100000|  0%| F|  |TAMS 0x0000000097000000| PB 0x0000000097000000| Untracked |  0
| 369|0x0000000097100000, 0x0000000097100000, 0x0000000097200000|  0%| F|  |TAMS 0x0000000097100000| PB 0x0000000097100000| Untracked |  0
| 370|0x0000000097200000, 0x0000000097200000, 0x0000000097300000|  0%| F|  |TAMS 0x0000000097200000| PB 0x0000000097200000| Untracked |  0
| 371|0x0000000097300000, 0x0000000097300000, 0x0000000097400000|  0%| F|  |TAMS 0x0000000097300000| PB 0x0000000097300000| Untracked |  0
| 372|0x0000000097400000, 0x0000000097400000, 0x0000000097500000|  0%| F|  |TAMS 0x0000000097400000| PB 0x0000000097400000| Untracked |  0
| 373|0x0000000097500000, 0x0000000097500000, 0x0000000097600000|  0%| F|  |TAMS 0x0000000097500000| PB 0x0000000097500000| Untracked |  0
| 374|0x0000000097600000, 0x0000000097600000, 0x0000000097700000|  0%| F|  |TAMS 0x0000000097600000| PB 0x0000000097600000| Untracked |  0
| 375|0x0000000097700000, 0x0000000097700000, 0x0000000097800000|  0%| F|  |TAMS 0x0000000097700000| PB 0x0000000097700000| Untracked |  0
| 376|0x0000000097800000, 0x0000000097800000, 0x0000000097900000|  0%| F|  |TAMS 0x0000000097800000| PB 0x0000000097800000| Untracked |  0
| 377|0x0000000097900000, 0x0000000097900000, 0x0000000097a00000|  0%| F|  |TAMS 0x0000000097900000| PB 0x0000000097900000| Untracked |  0
| 378|0x0000000097a00000, 0x0000000097a00000, 0x0000000097b00000|  0%| F|  |TAMS 0x0000000097a00000| PB 0x0000000097a00000| Untracked |  0
| 379|0x0000000097b00000, 0x0000000097b00000, 0x0000000097c00000|  0%| F|  |TAMS 0x0000000097b00000| PB 0x0000000097b00000| Untracked |  0
| 380|0x0000000097c00000, 0x0000000097c00000, 0x0000000097d00000|  0%| F|  |TAMS 0x0000000097c00000| PB 0x0000000097c00000| Untracked |  0
| 381|0x0000000097d00000, 0x0000000097d00000, 0x0000000097e00000|  0%| F|  |TAMS 0x0000000097d00000| PB 0x0000000097d00000| Untracked |  0
| 382|0x0000000097e00000, 0x0000000097e00000, 0x0000000097f00000|  0%| F|  |TAMS 0x0000000097e00000| PB 0x0000000097e00000| Untracked |  0
| 383|0x0000000097f00000, 0x0000000097f00000, 0x0000000098000000|  0%| F|  |TAMS 0x0000000097f00000| PB 0x0000000097f00000| Untracked |  0
| 384|0x0000000098000000, 0x0000000098000000, 0x0000000098100000|  0%| F|  |TAMS 0x0000000098000000| PB 0x0000000098000000| Untracked |  0
| 385|0x0000000098100000, 0x0000000098100000, 0x0000000098200000|  0%| F|  |TAMS 0x0000000098100000| PB 0x0000000098100000| Untracked |  0
| 386|0x0000000098200000, 0x0000000098200000, 0x0000000098300000|  0%| F|  |TAMS 0x0000000098200000| PB 0x0000000098200000| Untracked |  0
| 387|0x0000000098300000, 0x0000000098300000, 0x0000000098400000|  0%| F|  |TAMS 0x0000000098300000| PB 0x0000000098300000| Untracked |  0
| 388|0x0000000098400000, 0x0000000098400000, 0x0000000098500000|  0%| F|  |TAMS 0x0000000098400000| PB 0x0000000098400000| Untracked |  0
| 389|0x0000000098500000, 0x0000000098500000, 0x0000000098600000|  0%| F|  |TAMS 0x0000000098500000| PB 0x0000000098500000| Untracked |  0
| 390|0x0000000098600000, 0x0000000098600000, 0x0000000098700000|  0%| F|  |TAMS 0x0000000098600000| PB 0x0000000098600000| Untracked |  0
| 391|0x0000000098700000, 0x0000000098700000, 0x0000000098800000|  0%| F|  |TAMS 0x0000000098700000| PB 0x0000000098700000| Untracked |  0
| 392|0x0000000098800000, 0x0000000098800000, 0x0000000098900000|  0%| F|  |TAMS 0x0000000098800000| PB 0x0000000098800000| Untracked |  0
| 393|0x0000000098900000, 0x0000000098900000, 0x0000000098a00000|  0%| F|  |TAMS 0x0000000098900000| PB 0x0000000098900000| Untracked |  0
| 394|0x0000000098a00000, 0x0000000098a00000, 0x0000000098b00000|  0%| F|  |TAMS 0x0000000098a00000| PB 0x0000000098a00000| Untracked |  0
| 395|0x0000000098b00000, 0x0000000098b00000, 0x0000000098c00000|  0%| F|  |TAMS 0x0000000098b00000| PB 0x0000000098b00000| Untracked |  0
| 396|0x0000000098c00000, 0x0000000098c00000, 0x0000000098d00000|  0%| F|  |TAMS 0x0000000098c00000| PB 0x0000000098c00000| Untracked |  0
| 397|0x0000000098d00000, 0x0000000098d00000, 0x0000000098e00000|  0%| F|  |TAMS 0x0000000098d00000| PB 0x0000000098d00000| Untracked |  0
| 398|0x0000000098e00000, 0x0000000098e00000, 0x0000000098f00000|  0%| F|  |TAMS 0x0000000098e00000| PB 0x0000000098e00000| Untracked |  0
| 399|0x0000000098f00000, 0x0000000098f00000, 0x0000000099000000|  0%| F|  |TAMS 0x0000000098f00000| PB 0x0000000098f00000| Untracked |  0
| 400|0x0000000099000000, 0x0000000099000000, 0x0000000099100000|  0%| F|  |TAMS 0x0000000099000000| PB 0x0000000099000000| Untracked |  0
| 401|0x0000000099100000, 0x0000000099100000, 0x0000000099200000|  0%| F|  |TAMS 0x0000000099100000| PB 0x0000000099100000| Untracked |  0
| 402|0x0000000099200000, 0x0000000099200000, 0x0000000099300000|  0%| F|  |TAMS 0x0000000099200000| PB 0x0000000099200000| Untracked |  0
| 403|0x0000000099300000, 0x0000000099300000, 0x0000000099400000|  0%| F|  |TAMS 0x0000000099300000| PB 0x0000000099300000| Untracked |  0
| 404|0x0000000099400000, 0x0000000099400000, 0x0000000099500000|  0%| F|  |TAMS 0x0000000099400000| PB 0x0000000099400000| Untracked |  0
| 405|0x0000000099500000, 0x0000000099500000, 0x0000000099600000|  0%| F|  |TAMS 0x0000000099500000| PB 0x0000000099500000| Untracked |  0
| 406|0x0000000099600000, 0x0000000099600000, 0x0000000099700000|  0%| F|  |TAMS 0x0000000099600000| PB 0x0000000099600000| Untracked |  0
| 407|0x0000000099700000, 0x0000000099700000, 0x0000000099800000|  0%| F|  |TAMS 0x0000000099700000| PB 0x0000000099700000| Untracked |  0
| 408|0x0000000099800000, 0x0000000099800000, 0x0000000099900000|  0%| F|  |TAMS 0x0000000099800000| PB 0x0000000099800000| Untracked |  0
| 409|0x0000000099900000, 0x0000000099900000, 0x0000000099a00000|  0%| F|  |TAMS 0x0000000099900000| PB 0x0000000099900000| Untracked |  0
| 410|0x0000000099a00000, 0x0000000099a00000, 0x0000000099b00000|  0%| F|  |TAMS 0x0000000099a00000| PB 0x0000000099a00000| Untracked |  0
| 411|0x0000000099b00000, 0x0000000099b00000, 0x0000000099c00000|  0%| F|  |TAMS 0x0000000099b00000| PB 0x0000000099b00000| Untracked |  0
| 412|0x0000000099c00000, 0x0000000099c00000, 0x0000000099d00000|  0%| F|  |TAMS 0x0000000099c00000| PB 0x0000000099c00000| Untracked |  0
| 413|0x0000000099d00000, 0x0000000099d00000, 0x0000000099e00000|  0%| F|  |TAMS 0x0000000099d00000| PB 0x0000000099d00000| Untracked |  0
| 414|0x0000000099e00000, 0x0000000099e00000, 0x0000000099f00000|  0%| F|  |TAMS 0x0000000099e00000| PB 0x0000000099e00000| Untracked |  0
| 415|0x0000000099f00000, 0x0000000099f00000, 0x000000009a000000|  0%| F|  |TAMS 0x0000000099f00000| PB 0x0000000099f00000| Untracked |  0
| 416|0x000000009a000000, 0x000000009a000000, 0x000000009a100000|  0%| F|  |TAMS 0x000000009a000000| PB 0x000000009a000000| Untracked |  0
| 417|0x000000009a100000, 0x000000009a100000, 0x000000009a200000|  0%| F|  |TAMS 0x000000009a100000| PB 0x000000009a100000| Untracked |  0
| 418|0x000000009a200000, 0x000000009a200000, 0x000000009a300000|  0%| F|  |TAMS 0x000000009a200000| PB 0x000000009a200000| Untracked |  0
| 419|0x000000009a300000, 0x000000009a300000, 0x000000009a400000|  0%| F|  |TAMS 0x000000009a300000| PB 0x000000009a300000| Untracked |  0
| 420|0x000000009a400000, 0x000000009a400000, 0x000000009a500000|  0%| F|  |TAMS 0x000000009a400000| PB 0x000000009a400000| Untracked |  0
| 421|0x000000009a500000, 0x000000009a500000, 0x000000009a600000|  0%| F|  |TAMS 0x000000009a500000| PB 0x000000009a500000| Untracked |  0
| 422|0x000000009a600000, 0x000000009a600000, 0x000000009a700000|  0%| F|  |TAMS 0x000000009a600000| PB 0x000000009a600000| Untracked |  0
| 423|0x000000009a700000, 0x000000009a700000, 0x000000009a800000|  0%| F|  |TAMS 0x000000009a700000| PB 0x000000009a700000| Untracked |  0
| 424|0x000000009a800000, 0x000000009a800000, 0x000000009a900000|  0%| F|  |TAMS 0x000000009a800000| PB 0x000000009a800000| Untracked |  0
| 425|0x000000009a900000, 0x000000009a900000, 0x000000009aa00000|  0%| F|  |TAMS 0x000000009a900000| PB 0x000000009a900000| Untracked |  0
| 426|0x000000009aa00000, 0x000000009aa00000, 0x000000009ab00000|  0%| F|  |TAMS 0x000000009aa00000| PB 0x000000009aa00000| Untracked |  0
| 427|0x000000009ab00000, 0x000000009ab00000, 0x000000009ac00000|  0%| F|  |TAMS 0x000000009ab00000| PB 0x000000009ab00000| Untracked |  0
| 509|0x000000009fd00000, 0x000000009fd00000, 0x000000009fe00000|  0%| F|  |TAMS 0x000000009fd00000| PB 0x000000009fd00000| Untracked |  0
|2038|0x00000000ff600000, 0x00000000ff700000, 0x00000000ff700000|100%| O|  |TAMS 0x00000000ff700000| PB 0x00000000ff600000| Untracked |  0
|2039|0x00000000ff700000, 0x00000000ff700000, 0x00000000ff800000|  0%| F|  |TAMS 0x00000000ff700000| PB 0x00000000ff700000| Untracked |  0
|2040|0x00000000ff800000, 0x00000000ff900000, 0x00000000ff900000|100%| O|  |TAMS 0x00000000ff900000| PB 0x00000000ff800000| Untracked |  0
|2041|0x00000000ff900000, 0x00000000ffa00000, 0x00000000ffa00000|100%| O|  |TAMS 0x00000000ffa00000| PB 0x00000000ff900000| Untracked |  0
|2042|0x00000000ffa00000, 0x00000000ffb00000, 0x00000000ffb00000|100%| O|  |TAMS 0x00000000ffb00000| PB 0x00000000ffa00000| Untracked |  0
|2043|0x00000000ffb00000, 0x00000000ffc00000, 0x00000000ffc00000|100%| O|  |TAMS 0x00000000ffc00000| PB 0x00000000ffb00000| Untracked |  0
|2044|0x00000000ffc00000, 0x00000000ffc00000, 0x00000000ffd00000|  0%| F|  |TAMS 0x00000000ffc00000| PB 0x00000000ffc00000| Untracked |  0
|2045|0x00000000ffd00000, 0x00000000ffe00000, 0x00000000ffe00000|100%| O|  |TAMS 0x00000000ffe00000| PB 0x00000000ffd00000| Untracked |  0
|2046|0x00000000ffe00000, 0x00000000fff00000, 0x00000000fff00000|100%| O|  |TAMS 0x00000000fff00000| PB 0x00000000ffe00000| Untracked |  0
|2047|0x00000000fff00000, 0x0000000100000000, 0x0000000100000000|100%| O|  |TAMS 0x0000000100000000| PB 0x00000000fff00000| Untracked |  0

Card table byte_map: [0x0000022379020000,0x0000022379420000] _byte_map_base: 0x0000022378c20000

Marking Bits: (CMBitMap*) 0x0000022378671d60
 Bits: [0x0000022379420000, 0x000002237b420000)

Polling page: 0x0000022376600000

Metaspace:

Usage:
  Non-class:     55.08 MB used.
      Class:      9.10 MB used.
       Both:     64.18 MB used.

Virtual space:
  Non-class space:       64.00 MB reserved,      56.06 MB ( 88%) committed,  1 nodes.
      Class space:        1.00 GB reserved,      10.00 MB ( <1%) committed,  1 nodes.
             Both:        1.06 GB reserved,      66.06 MB (  6%) committed. 

Chunk freelists:
   Non-Class:  7.64 MB
       Class:  5.92 MB
        Both:  13.56 MB

MaxMetaspaceSize: unlimited
CompressedClassSpaceSize: 1.00 GB
Initial GC threshold: 21.00 MB
Current GC threshold: 109.81 MB
CDS: on
 - commit_granule_bytes: 65536.
 - commit_granule_words: 8192.
 - virtual_space_node_default_size: 8388608.
 - enlarge_chunks_in_place: 1.
 - use_allocation_guard: 0.


Internal statistics:

num_allocs_failed_limit: 9.
num_arena_births: 3272.
num_arena_deaths: 14.
num_vsnodes_births: 2.
num_vsnodes_deaths: 0.
num_space_committed: 1057.
num_space_uncommitted: 0.
num_chunks_returned_to_freelist: 40.
num_chunks_taken_from_freelist: 6241.
num_chunk_merges: 10.
num_chunk_splits: 4084.
num_chunks_enlarged: 2535.
num_inconsistent_stats: 0.

CodeHeap 'non-profiled nmethods': size=120000Kb used=7460Kb max_used=7460Kb free=112539Kb
 bounds [0x000002230fd50000, 0x00000223104a0000, 0x0000022317280000]
CodeHeap 'profiled nmethods': size=120000Kb used=17497Kb max_used=18693Kb free=102502Kb
 bounds [0x0000022308280000, 0x0000022309510000, 0x000002230f7b0000]
CodeHeap 'non-nmethods': size=5760Kb used=2822Kb max_used=2904Kb free=2937Kb
 bounds [0x000002230f7b0000, 0x000002230faa0000, 0x000002230fd50000]
 total_blobs=11057 nmethods=10123 adapters=837
 compilation: enabled
              stopped_count=0, restarted_count=0
 full_count=0

Compilation events (20 events):
Event: 10.920 Thread 0x0000022362796b00 nmethod 12791 0x0000022310425d90 code [0x0000022310425f00, 0x0000022310425fb0]
Event: 10.920 Thread 0x0000022362796b00 12788       4       org.apache.commons.compress.archivers.zip.ExtraFieldUtils::mergeCentralDirectoryData (232 bytes)
Event: 10.921 Thread 0x0000022362796b00 nmethod 12788 0x0000022310425910 code [0x0000022310425aa0, 0x0000022310425c60]
Event: 10.921 Thread 0x0000022362796b00 12792       4       org.apache.commons.compress.archivers.zip.ZipArchiveOutputStream::createCentralFileHeader (647 bytes)
Event: 10.928 Thread 0x00000223173c0560 12794       2       org.gradle.internal.instantiation.generator.DefaultInstantiationScheme$DefaultDeserializationInstantiator::serializationConstructorFor (22 bytes)
Event: 10.928 Thread 0x00000223173c0560 nmethod 12794 0x000002230856d810 code [0x000002230856d9e0, 0x000002230856dd08]
Event: 10.928 Thread 0x00000223173c0560 12795   !   2       org.gradle.internal.instantiation.generator.AsmBackedClassGenerator$InvokeSerializationConstructorAndInitializeFieldsStrategy::newInstance (86 bytes)
Event: 10.929 Thread 0x00000223173c0560 nmethod 12795 0x0000022308b86d90 code [0x0000022308b87040, 0x0000022308b879b8]
Event: 10.929 Thread 0x00000223173c0560 12796       2       java.lang.invoke.DirectMethodHandle$Holder::invokeSpecial (14 bytes)
Event: 10.929 Thread 0x00000223173c0560 nmethod 12796 0x00000223092b5590 code [0x00000223092b5740, 0x00000223092b5898]
Event: 10.931 Thread 0x00000223627971d0 nmethod 12591 0x0000022310487c10 code [0x00000223104888a0, 0x00000223104951f8]
Event: 10.935 Thread 0x00000223627971d0 12789       4       org.apache.commons.compress.archivers.zip.ZipArchiveOutputStream::createCentralFileHeader (140 bytes)
Event: 10.936 Thread 0x00000223173c0560 12798       2       org.gradle.internal.fingerprint.impl.NameOnlyFingerprintingStrategy::collectFingerprints (25 bytes)
Event: 10.936 Thread 0x00000223173c0560 nmethod 12798 0x000002230855fa90 code [0x000002230855fc60, 0x00000223085601d8]
Event: 10.936 Thread 0x00000223173c0560 12799       2       org.gradle.internal.snapshot.RootTrackingFileSystemSnapshotHierarchyVisitor::<init> (5 bytes)
Event: 10.936 Thread 0x00000223173c0560 nmethod 12799 0x00000223092b8810 code [0x00000223092b89a0, 0x00000223092b8aa8]
Event: 10.936 Thread 0x00000223173c0560 12800       2       com.google.common.collect.ImmutableBiMap::values (5 bytes)
Event: 10.937 Thread 0x00000223173c0560 nmethod 12800 0x0000022309348590 code [0x0000022309348740, 0x0000022309348930]
Event: 10.937 Thread 0x00000223173c0560 12801       2       com.google.common.collect.ImmutableList::sortedCopyOf (29 bytes)
Event: 10.937 Thread 0x00000223173c0560 nmethod 12801 0x0000022308729610 code [0x0000022308729820, 0x0000022308729d48]

GC Heap History (20 events):
Event: 9.175 GC heap after
{Heap after GC invocations=32 (full 0):
 garbage-first heap   total reserved 2097152K, committed 449536K, used 182283K [0x0000000080000000, 0x0000000100000000)
  region size 1024K, 11 young (11264K), 11 survivors (11264K)
 Metaspace       used 65529K, committed 67456K, reserved 1114112K
  class space    used 9313K, committed 10240K, reserved 1048576K
}
Event: 9.482 GC heap before
{Heap before GC invocations=33 (full 0):
 garbage-first heap   total reserved 2097152K, committed 449536K, used 402443K [0x0000000080000000, 0x0000000100000000)
  region size 1024K, 227 young (232448K), 11 survivors (11264K)
 Metaspace       used 65587K, committed 67520K, reserved 1114112K
  class space    used 9313K, committed 10240K, reserved 1048576K
}
Event: 9.487 GC heap after
{Heap after GC invocations=34 (full 0):
 garbage-first heap   total reserved 2097152K, committed 449536K, used 183360K [0x0000000080000000, 0x0000000100000000)
  region size 1024K, 12 young (12288K), 12 survivors (12288K)
 Metaspace       used 65587K, committed 67520K, reserved 1114112K
  class space    used 9313K, committed 10240K, reserved 1048576K
}
Event: 9.655 GC heap before
{Heap before GC invocations=34 (full 0):
 garbage-first heap   total reserved 2097152K, committed 449536K, used 410688K [0x0000000080000000, 0x0000000100000000)
  region size 1024K, 235 young (240640K), 12 survivors (12288K)
 Metaspace       used 65594K, committed 67520K, reserved 1114112K
  class space    used 9313K, committed 10240K, reserved 1048576K
}
Event: 9.659 GC heap after
{Heap after GC invocations=35 (full 0):
 garbage-first heap   total reserved 2097152K, committed 449536K, used 170210K [0x0000000080000000, 0x0000000100000000)
  region size 1024K, 14 young (14336K), 14 survivors (14336K)
 Metaspace       used 65594K, committed 67520K, reserved 1114112K
  class space    used 9313K, committed 10240K, reserved 1048576K
}
Event: 9.846 GC heap before
{Heap before GC invocations=35 (full 0):
 garbage-first heap   total reserved 2097152K, committed 449536K, used 410850K [0x0000000080000000, 0x0000000100000000)
  region size 1024K, 249 young (254976K), 14 survivors (14336K)
 Metaspace       used 65600K, committed 67520K, reserved 1114112K
  class space    used 9313K, committed 10240K, reserved 1048576K
}
Event: 9.850 GC heap after
{Heap after GC invocations=36 (full 0):
 garbage-first heap   total reserved 2097152K, committed 449536K, used 171918K [0x0000000080000000, 0x0000000100000000)
  region size 1024K, 15 young (15360K), 15 survivors (15360K)
 Metaspace       used 65600K, committed 67520K, reserved 1114112K
  class space    used 9313K, committed 10240K, reserved 1048576K
}
Event: 10.046 GC heap before
{Heap before GC invocations=36 (full 0):
 garbage-first heap   total reserved 2097152K, committed 449536K, used 396174K [0x0000000080000000, 0x0000000100000000)
  region size 1024K, 236 young (241664K), 15 survivors (15360K)
 Metaspace       used 65618K, committed 67584K, reserved 1114112K
  class space    used 9313K, committed 10240K, reserved 1048576K
}
Event: 10.052 GC heap after
{Heap after GC invocations=37 (full 0):
 garbage-first heap   total reserved 2097152K, committed 449536K, used 176122K [0x0000000080000000, 0x0000000100000000)
  region size 1024K, 19 young (19456K), 19 survivors (19456K)
 Metaspace       used 65618K, committed 67584K, reserved 1114112K
  class space    used 9313K, committed 10240K, reserved 1048576K
}
Event: 10.184 GC heap before
{Heap before GC invocations=38 (full 0):
 garbage-first heap   total reserved 2097152K, committed 449536K, used 408570K [0x0000000080000000, 0x0000000100000000)
  region size 1024K, 243 young (248832K), 19 survivors (19456K)
 Metaspace       used 65618K, committed 67584K, reserved 1114112K
  class space    used 9313K, committed 10240K, reserved 1048576K
}
Event: 10.190 GC heap after
{Heap after GC invocations=39 (full 0):
 garbage-first heap   total reserved 2097152K, committed 449536K, used 176932K [0x0000000080000000, 0x0000000100000000)
  region size 1024K, 15 young (15360K), 15 survivors (15360K)
 Metaspace       used 65618K, committed 67584K, reserved 1114112K
  class space    used 9313K, committed 10240K, reserved 1048576K
}
Event: 10.289 GC heap before
{Heap before GC invocations=39 (full 0):
 garbage-first heap   total reserved 2097152K, committed 449536K, used 410404K [0x0000000080000000, 0x0000000100000000)
  region size 1024K, 243 young (248832K), 15 survivors (15360K)
 Metaspace       used 65619K, committed 67584K, reserved 1114112K
  class space    used 9313K, committed 10240K, reserved 1048576K
}
Event: 10.295 GC heap after
{Heap after GC invocations=40 (full 0):
 garbage-first heap   total reserved 2097152K, committed 449536K, used 174140K [0x0000000080000000, 0x0000000100000000)
  region size 1024K, 17 young (17408K), 17 survivors (17408K)
 Metaspace       used 65619K, committed 67584K, reserved 1114112K
  class space    used 9313K, committed 10240K, reserved 1048576K
}
Event: 10.395 GC heap before
{Heap before GC invocations=40 (full 0):
 garbage-first heap   total reserved 2097152K, committed 449536K, used 328764K [0x0000000080000000, 0x0000000100000000)
  region size 1024K, 170 young (174080K), 17 survivors (17408K)
 Metaspace       used 65620K, committed 67584K, reserved 1114112K
  class space    used 9313K, committed 10240K, reserved 1048576K
}
Event: 10.400 GC heap after
{Heap after GC invocations=41 (full 0):
 garbage-first heap   total reserved 2097152K, committed 449536K, used 174922K [0x0000000080000000, 0x0000000100000000)
  region size 1024K, 18 young (18432K), 18 survivors (18432K)
 Metaspace       used 65620K, committed 67584K, reserved 1114112K
  class space    used 9313K, committed 10240K, reserved 1048576K
}
Event: 10.622 GC heap before
{Heap before GC invocations=42 (full 0):
 garbage-first heap   total reserved 2097152K, committed 449536K, used 406346K [0x0000000080000000, 0x0000000100000000)
  region size 1024K, 244 young (249856K), 18 survivors (18432K)
 Metaspace       used 65626K, committed 67584K, reserved 1114112K
  class space    used 9313K, committed 10240K, reserved 1048576K
}
Event: 10.628 GC heap after
{Heap after GC invocations=43 (full 0):
 garbage-first heap   total reserved 2097152K, committed 449536K, used 176519K [0x0000000080000000, 0x0000000100000000)
  region size 1024K, 18 young (18432K), 18 survivors (18432K)
 Metaspace       used 65626K, committed 67584K, reserved 1114112K
  class space    used 9313K, committed 10240K, reserved 1048576K
}
Event: 10.779 GC heap before
{Heap before GC invocations=43 (full 0):
 garbage-first heap   total reserved 2097152K, committed 449536K, used 405895K [0x0000000080000000, 0x0000000100000000)
  region size 1024K, 243 young (248832K), 18 survivors (18432K)
 Metaspace       used 65671K, committed 67584K, reserved 1114112K
  class space    used 9314K, committed 10240K, reserved 1048576K
}
Event: 10.786 GC heap after
{Heap after GC invocations=44 (full 0):
 garbage-first heap   total reserved 2097152K, committed 449536K, used 174144K [0x0000000080000000, 0x0000000100000000)
  region size 1024K, 18 young (18432K), 18 survivors (18432K)
 Metaspace       used 65671K, committed 67584K, reserved 1114112K
  class space    used 9314K, committed 10240K, reserved 1048576K
}
Event: 10.938 GC heap before
{Heap before GC invocations=44 (full 0):
 garbage-first heap   total reserved 2097152K, committed 449536K, used 406592K [0x0000000080000000, 0x0000000100000000)
  region size 1024K, 245 young (250880K), 18 survivors (18432K)
 Metaspace       used 65715K, committed 67648K, reserved 1114112K
  class space    used 9315K, committed 10240K, reserved 1048576K
}

Dll operation events (15 events):
Event: 0.009 Loaded shared library C:\Program Files\Java\jdk-22.0.2\bin\java.dll
Event: 0.033 Loaded shared library C:\Program Files\Java\jdk-22.0.2\bin\jsvml.dll
Event: 0.058 Loaded shared library C:\Program Files\Java\jdk-22.0.2\bin\zip.dll
Event: 0.061 Loaded shared library C:\Program Files\Java\jdk-22.0.2\bin\instrument.dll
Event: 0.063 Loaded shared library C:\Program Files\Java\jdk-22.0.2\bin\net.dll
Event: 0.064 Loaded shared library C:\Program Files\Java\jdk-22.0.2\bin\nio.dll
Event: 0.066 Loaded shared library C:\Program Files\Java\jdk-22.0.2\bin\zip.dll
Event: 0.191 Loaded shared library C:\Program Files\Java\jdk-22.0.2\bin\jimage.dll
Event: 0.293 Loaded shared library C:\Program Files\Java\jdk-22.0.2\bin\verify.dll
Event: 0.358 Loaded shared library E:\flutter_cache\gradle-home\native\1def1411415f61bf3af743bc5b6707747c0891f09f0c88961ee8f79bc544acac\windows-amd64\native-platform.dll
Event: 0.364 Loaded shared library E:\flutter_cache\gradle-home\native\0.2.7\x86_64-windows-gnu\gradle-fileevents.dll
Event: 0.826 Loaded shared library C:\Program Files\Java\jdk-22.0.2\bin\management.dll
Event: 0.828 Loaded shared library C:\Program Files\Java\jdk-22.0.2\bin\management_ext.dll
Event: 0.961 Loaded shared library C:\Program Files\Java\jdk-22.0.2\bin\extnet.dll
Event: 1.078 Loaded shared library C:\Program Files\Java\jdk-22.0.2\bin\sunmscapi.dll

Deoptimization events (20 events):
Event: 10.401 Thread 0x00000223611a8730 DEOPT PACKING pc=0x00000223092a400a sp=0x000000e24f1faf60
Event: 10.401 Thread 0x00000223611a8730 DEOPT UNPACKING pc=0x000002230f804e42 sp=0x000000e24f1fa470 mode 0
Event: 10.669 Thread 0x000002236260f020 Uncommon trap: trap_request=0xffffffe4 fr.pc=0x0000022310467770 relative=0x0000000000000c90
Event: 10.669 Thread 0x000002236260f020 Uncommon trap: reason=range_check action=make_not_entrant pc=0x0000022310467770 method=java.util.zip.ZipUtils.get16([BI)I @ 11 c2
Event: 10.669 Thread 0x000002236260f020 DEOPT PACKING pc=0x0000022310467770 sp=0x000000e24ecf8aa0
Event: 10.669 Thread 0x000002236260f020 DEOPT UNPACKING pc=0x000002230f8046a2 sp=0x000000e24ecf89d0 mode 2
Event: 10.695 Thread 0x00000223611a6cf0 Uncommon trap: trap_request=0xffffff45 fr.pc=0x0000022310465558 relative=0x00000000000000b8
Event: 10.695 Thread 0x00000223611a6cf0 Uncommon trap: reason=unstable_if action=reinterpret pc=0x0000022310465558 method=org.gradle.internal.classpath.generated.InterceptorDeclaration_PropertyUpgradesJvmBytecode_TestingJvm.visitMethodInsn(Lorg/gradle/model/internal/asm/MethodVisitorScope;Ljava
Event: 10.695 Thread 0x00000223611a6cf0 DEOPT PACKING pc=0x0000022310465558 sp=0x000000e24eefa830
Event: 10.695 Thread 0x00000223611a6cf0 DEOPT UNPACKING pc=0x000002230f8046a2 sp=0x000000e24eefa788 mode 2
Event: 10.817 Thread 0x00000223611a6660 DEOPT PACKING pc=0x000002230850f7b1 sp=0x000000e24f0fa470
Event: 10.817 Thread 0x00000223611a6660 DEOPT UNPACKING pc=0x000002230f804e42 sp=0x000000e24f0f99e0 mode 0
Event: 10.819 Thread 0x000002236260f020 Uncommon trap: trap_request=0xffffff45 fr.pc=0x00000223101589c0 relative=0x0000000000001300
Event: 10.819 Thread 0x000002236260f020 Uncommon trap: reason=unstable_if action=reinterpret pc=0x00000223101589c0 method=org.objectweb.asm.ClassReader.readElementValue(Lorg/objectweb/asm/AnnotationVisitor;ILjava/lang/String;[C)I @ 454 c2
Event: 10.819 Thread 0x000002236260f020 DEOPT PACKING pc=0x00000223101589c0 sp=0x000000e24ecfadb0
Event: 10.819 Thread 0x000002236260f020 DEOPT UNPACKING pc=0x000002230f8046a2 sp=0x000000e24ecfad30 mode 2
Event: 10.901 Thread 0x00000223611a8dc0 Uncommon trap: trap_request=0xffffff45 fr.pc=0x0000022310336114 relative=0x00000000000015f4
Event: 10.901 Thread 0x00000223611a8dc0 Uncommon trap: reason=unstable_if action=reinterpret pc=0x0000022310336114 method=org.apache.commons.compress.archivers.zip.StreamCompressor.writeDeflated([BII)V @ 95 c2
Event: 10.901 Thread 0x00000223611a8dc0 DEOPT PACKING pc=0x0000022310336114 sp=0x000000e24f2faf10
Event: 10.901 Thread 0x00000223611a8dc0 DEOPT UNPACKING pc=0x000002230f8046a2 sp=0x000000e24f2faed8 mode 2

Classes loaded (20 events):
Event: 6.143 Loading class java/util/Collections$ReverseComparator2
Event: 6.143 Loading class java/util/Collections$ReverseComparator2 done
Event: 6.244 Loading class sun/reflect/ReflectionFactory
Event: 6.244 Loading class sun/reflect/ReflectionFactory done
Event: 6.244 Loading class sun/reflect/ReflectionFactory$1
Event: 6.244 Loading class sun/reflect/ReflectionFactory$1 done
Event: 6.298 Loading class java/util/zip/ZipFile$ZipEntryIterator
Event: 6.306 Loading class java/util/zip/ZipFile$ZipEntryIterator done
Event: 6.309 Loading class java/util/zip/ZipInputStream
Event: 6.322 Loading class java/util/zip/ZipInputStream done
Event: 8.301 Loading class java/nio/charset/UnsupportedCharsetException
Event: 8.301 Loading class java/nio/charset/UnsupportedCharsetException done
Event: 8.302 Loading class java/util/Collections$UnmodifiableSortedMap
Event: 8.313 Loading class java/util/Collections$UnmodifiableSortedMap done
Event: 8.317 Loading class java/util/zip/Deflater
Event: 8.317 Loading class java/util/zip/Deflater done
Event: 8.318 Loading class java/util/zip/Deflater$DeflaterZStreamRef
Event: 8.318 Loading class java/util/zip/Deflater$DeflaterZStreamRef done
Event: 8.344 Loading class java/nio/StringCharBuffer
Event: 8.345 Loading class java/nio/StringCharBuffer done

Classes unloaded (20 events):
Event: 6.637 Thread 0x000002237e0bf160 Unloading class 0x00000223196b4000 '_BuildScript_'
Event: 6.637 Thread 0x000002237e0bf160 Unloading class 0x00000223196b2bb8 '_BuildScript_$_run_closure1$_closure2$_closure4$_closure5'
Event: 6.637 Thread 0x000002237e0bf160 Unloading class 0x00000223196b27d0 '_BuildScript_$_run_closure1$_closure2$_closure4'
Event: 6.637 Thread 0x000002237e0bf160 Unloading class 0x00000223196b23e8 '_BuildScript_$_run_closure1$_closure2$_closure3'
Event: 6.637 Thread 0x000002237e0bf160 Unloading class 0x00000223196b2000 '_BuildScript_$_run_closure1$_closure2'
Event: 6.637 Thread 0x000002237e0bf160 Unloading class 0x00000223196b1400 '_BuildScript_$_run_closure1'
Event: 6.637 Thread 0x000002237e0bf160 Unloading class 0x00000223196b1800 '_BuildScript_'
Event: 6.637 Thread 0x000002237e0bf160 Unloading class 0x00000223196a93e8 '_BuildScript_$_run_closure1$_closure2$_closure3$_closure4'
Event: 6.637 Thread 0x000002237e0bf160 Unloading class 0x00000223196a9000 '_BuildScript_$_run_closure1$_closure2$_closure3'
Event: 6.637 Thread 0x000002237e0bf160 Unloading class 0x00000223196a8918 '_BuildScript_$_run_closure1$_closure2'
Event: 6.637 Thread 0x000002237e0bf160 Unloading class 0x00000223196a8530 '_BuildScript_$_run_closure1'
Event: 6.637 Thread 0x000002237e0bf160 Unloading class 0x00000223196a8000 '_BuildScript_'
Event: 6.637 Thread 0x000002237e0bf160 Unloading class 0x00000223196a6000 '_BuildScript_$_run_closure1$_closure2'
Event: 6.637 Thread 0x000002237e0bf160 Unloading class 0x00000223196a5918 '_BuildScript_$_run_closure1'
Event: 6.637 Thread 0x000002237e0bf160 Unloading class 0x00000223196a53e8 '_BuildScript_'
Event: 6.637 Thread 0x000002237e0bf160 Unloading class 0x00000223196a5000 'ProtobufPatchPlugin$_apply_closure1$_closure2$_closure3$_closure4'
Event: 6.637 Thread 0x000002237e0bf160 Unloading class 0x00000223196a4a98 'ProtobufPatchPlugin$_apply_closure1$_closure2$_closure3'
Event: 6.637 Thread 0x000002237e0bf160 Unloading class 0x00000223196a46b0 'ProtobufPatchPlugin$_apply_closure1$_closure2'
Event: 6.637 Thread 0x000002237e0bf160 Unloading class 0x00000223196a42c8 'ProtobufPatchPlugin$_apply_closure1'
Event: 6.637 Thread 0x000002237e0bf160 Unloading class 0x00000223196a4000 'ProtobufPatchPlugin'

Classes redefined (0 events):
No events

Internal exceptions (20 events):
Event: 9.312 Thread 0x00000223611a3f00 Exception <a 'sun/nio/fs/WindowsException'{0x000000009864b438}> (0x000000009864b438) 
thrown [s\open\src\hotspot\share\prims\jni.cpp, line 520]
Event: 9.374 Thread 0x00000223611a7380 Exception <a 'sun/nio/fs/WindowsException'{0x0000000094128658}> (0x0000000094128658) 
thrown [s\open\src\hotspot\share\prims\jni.cpp, line 520]
Event: 9.381 Thread 0x00000223611a8dc0 Exception <a 'sun/nio/fs/WindowsException'{0x00000000942d0370}> (0x00000000942d0370) 
thrown [s\open\src\hotspot\share\prims\jni.cpp, line 520]
Event: 9.388 Thread 0x00000223611a3870 Exception <a 'sun/nio/fs/WindowsException'{0x000000009350a578}> (0x000000009350a578) 
thrown [s\open\src\hotspot\share\prims\jni.cpp, line 520]
Event: 9.454 Thread 0x00000223611a7380 Exception <a 'sun/nio/fs/WindowsException'{0x000000008f706370}> (0x000000008f706370) 
thrown [s\open\src\hotspot\share\prims\jni.cpp, line 520]
Event: 9.466 Thread 0x00000223611a8730 Exception <a 'sun/nio/fs/WindowsException'{0x000000008ef4aa68}> (0x000000008ef4aa68) 
thrown [s\open\src\hotspot\share\prims\jni.cpp, line 520]
Event: 9.567 Thread 0x00000223611a8730 Exception <a 'sun/nio/fs/WindowsException'{0x00000000957e83d8}> (0x00000000957e83d8) 
thrown [s\open\src\hotspot\share\prims\jni.cpp, line 520]
Event: 9.857 Thread 0x00000223611a8dc0 Exception <a 'sun/nio/fs/WindowsException'{0x000000009aba2f10}> (0x000000009aba2f10) 
thrown [s\open\src\hotspot\share\prims\jni.cpp, line 520]
Event: 9.932 Thread 0x00000223611a6660 Exception <a 'sun/nio/fs/WindowsException'{0x00000000959238e0}> (0x00000000959238e0) 
thrown [s\open\src\hotspot\share\prims\jni.cpp, line 520]
Event: 9.933 Thread 0x00000223611a8730 Exception <a 'sun/nio/fs/WindowsException'{0x00000000956db550}> (0x00000000956db550) 
thrown [s\open\src\hotspot\share\prims\jni.cpp, line 520]
Event: 9.996 Thread 0x00000223611a8dc0 Exception <a 'sun/nio/fs/WindowsException'{0x00000000914a7070}> (0x00000000914a7070) 
thrown [s\open\src\hotspot\share\prims\jni.cpp, line 520]
Event: 10.009 Thread 0x00000223611a8730 Exception <a 'sun/nio/fs/WindowsException'{0x000000009020c8c0}> (0x000000009020c8c0) 
thrown [s\open\src\hotspot\share\prims\jni.cpp, line 520]
Event: 10.031 Thread 0x00000223611a6660 Exception <a 'sun/nio/fs/WindowsException'{0x000000008e4577c0}> (0x000000008e4577c0) 
thrown [s\open\src\hotspot\share\prims\jni.cpp, line 520]
Event: 10.441 Thread 0x00000223611a6660 Exception <a 'sun/nio/fs/WindowsException'{0x000000009abd19c8}> (0x000000009abd19c8) 
thrown [s\open\src\hotspot\share\prims\jni.cpp, line 520]
Event: 10.510 Thread 0x00000223611a8730 Exception <a 'sun/nio/fs/WindowsException'{0x0000000098250d50}> (0x0000000098250d50) 
thrown [s\open\src\hotspot\share\prims\jni.cpp, line 520]
Event: 10.579 Thread 0x00000223611a6660 Exception <a 'sun/nio/fs/WindowsException'{0x000000008faabd90}> (0x000000008faabd90) 
thrown [s\open\src\hotspot\share\prims\jni.cpp, line 520]
Event: 10.676 Thread 0x00000223611a6660 Exception <a 'sun/nio/fs/WindowsException'{0x0000000098ad1ab0}> (0x0000000098ad1ab0) 
thrown [s\open\src\hotspot\share\prims\jni.cpp, line 520]
Event: 10.752 Thread 0x00000223611a8730 Exception <a 'sun/nio/fs/WindowsException'{0x0000000091cd19c8}> (0x0000000091cd19c8) 
thrown [s\open\src\hotspot\share\prims\jni.cpp, line 520]
Event: 10.816 Thread 0x00000223611a6660 Exception <a 'sun/nio/fs/WindowsException'{0x0000000098883af0}> (0x0000000098883af0) 
thrown [s\open\src\hotspot\share\prims\jni.cpp, line 520]
Event: 10.843 Thread 0x00000223611a8730 Exception <a 'sun/nio/fs/WindowsException'{0x0000000096e31d08}> (0x0000000096e31d08) 
thrown [s\open\src\hotspot\share\prims\jni.cpp, line 520]

ZGC Phase Switch (0 events):
No events

VM Operations (20 events):
Event: 10.052 Executing VM operation: G1TryInitiateConcMark (G1 Humongous Allocation) done
Event: 10.120 Executing VM operation: G1PauseRemark
Event: 10.123 Executing VM operation: G1PauseRemark done
Event: 10.163 Executing VM operation: G1PauseCleanup
Event: 10.163 Executing VM operation: G1PauseCleanup done
Event: 10.184 Executing VM operation: G1CollectForAllocation (G1 Evacuation Pause)
Event: 10.190 Executing VM operation: G1CollectForAllocation (G1 Evacuation Pause) done
Event: 10.289 Executing VM operation: G1CollectForAllocation (G1 Evacuation Pause)
Event: 10.295 Executing VM operation: G1CollectForAllocation (G1 Evacuation Pause) done
Event: 10.395 Executing VM operation: G1TryInitiateConcMark (G1 Humongous Allocation)
Event: 10.400 Executing VM operation: G1TryInitiateConcMark (G1 Humongous Allocation) done
Event: 10.475 Executing VM operation: G1PauseRemark
Event: 10.479 Executing VM operation: G1PauseRemark done
Event: 10.521 Executing VM operation: G1PauseCleanup
Event: 10.521 Executing VM operation: G1PauseCleanup done
Event: 10.622 Executing VM operation: G1CollectForAllocation (G1 Evacuation Pause)
Event: 10.628 Executing VM operation: G1CollectForAllocation (G1 Evacuation Pause) done
Event: 10.779 Executing VM operation: G1CollectForAllocation (G1 Evacuation Pause)
Event: 10.786 Executing VM operation: G1CollectForAllocation (G1 Evacuation Pause) done
Event: 10.938 Executing VM operation: G1CollectForAllocation (G1 Evacuation Pause)

Memory protections (0 events):
No events

Nmethod flushes (20 events):
Event: 10.479 Thread 0x000002237e0bf160 flushing  nmethod 0x000002230932e490
Event: 10.479 Thread 0x000002237e0bf160 flushing  nmethod 0x0000022309484890
Event: 10.479 Thread 0x000002237e0bf160 flushing  nmethod 0x0000022308407810
Event: 10.479 Thread 0x000002237e0bf160 flushing  nmethod 0x0000022308455910
Event: 10.479 Thread 0x000002237e0bf160 flushing  nmethod 0x0000022308a14510
Event: 10.479 Thread 0x000002237e0bf160 flushing  nmethod 0x0000022308a50a90
Event: 10.479 Thread 0x000002237e0bf160 flushing  nmethod 0x0000022308aa3490
Event: 10.479 Thread 0x000002237e0bf160 flushing  nmethod 0x0000022308aa3c10
Event: 10.479 Thread 0x000002237e0bf160 flushing  nmethod 0x0000022308ae9210
Event: 10.479 Thread 0x000002237e0bf160 flushing  nmethod 0x0000022308bcbb10
Event: 10.479 Thread 0x000002237e0bf160 flushing  nmethod 0x0000022308f91b10
Event: 10.479 Thread 0x000002237e0bf160 flushing  nmethod 0x0000022308f93a90
Event: 10.479 Thread 0x000002237e0bf160 flushing  nmethod 0x0000022308f94e10
Event: 10.479 Thread 0x000002237e0bf160 flushing  nmethod 0x0000022309014b90
Event: 10.479 Thread 0x000002237e0bf160 flushing  nmethod 0x0000022309015590
Event: 10.479 Thread 0x000002237e0bf160 flushing  nmethod 0x0000022309015e10
Event: 10.479 Thread 0x000002237e0bf160 flushing  nmethod 0x0000022309016390
Event: 10.479 Thread 0x000002237e0bf160 flushing  nmethod 0x0000022309016e10
Event: 10.479 Thread 0x000002237e0bf160 flushing  nmethod 0x00000223090c4890
Event: 10.479 Thread 0x000002237e0bf160 flushing  nmethod 0x0000022309449a10

Events (20 events):
Event: 6.278 Thread 0x000002235e4cdd30 Thread added: 0x000002235f911b70
Event: 6.279 Thread 0x000002235e4cdd30 Thread added: 0x000002235f918470
Event: 6.280 Thread 0x000002235e4cdd30 Thread added: 0x000002235f918b00
Event: 6.281 Thread 0x000002235e4cdd30 Thread added: 0x000002235f919190
Event: 6.282 Thread 0x000002235e4cdd30 Thread added: 0x000002235f912f20
Event: 7.651 Thread 0x00000223174857d0 Thread exited: 0x00000223174857d0
Event: 7.865 Thread 0x00000223175ba900 Thread exited: 0x00000223175ba900
Event: 7.962 Thread 0x00000223173c0560 Thread added: 0x0000022362796b00
Event: 7.966 Thread 0x000002235e4cdd30 Thread added: 0x000002235f913c40
Event: 7.967 Thread 0x000002235e4cdd30 Thread added: 0x000002236260f020
Event: 7.967 Thread 0x000002235e4cdd30 Thread added: 0x00000223611a3f00
Event: 7.967 Thread 0x000002235e4cdd30 Thread added: 0x00000223611a6cf0
Event: 7.967 Thread 0x000002235e4cdd30 Thread added: 0x00000223611a5fd0
Event: 7.968 Thread 0x000002235e4cdd30 Thread added: 0x00000223611a6660
Event: 7.968 Thread 0x000002235e4cdd30 Thread added: 0x00000223611a8730
Event: 7.968 Thread 0x000002235e4cdd30 Thread added: 0x00000223611a8dc0
Event: 7.968 Thread 0x000002235e4cdd30 Thread added: 0x00000223611a7380
Event: 7.968 Thread 0x000002235e4cdd30 Thread added: 0x00000223611a80a0
Event: 7.969 Thread 0x000002235e4cdd30 Thread added: 0x00000223611a3870
Event: 7.969 Thread 0x00000223173c0560 Thread added: 0x00000223627971d0


Dynamic libraries:
0x00007ff643410000 - 0x00007ff64341e000 	C:\Program Files\Java\jdk-22.0.2\bin\java.exe
0x00007ffba4510000 - 0x00007ffba4708000 	C:\WINDOWS\SYSTEM32\ntdll.dll
0x00007ffba3cf0000 - 0x00007ffba3db2000 	C:\WINDOWS\System32\KERNEL32.DLL
0x00007ffba1f30000 - 0x00007ffba2226000 	C:\WINDOWS\System32\KERNELBASE.dll
0x00007ffb9db00000 - 0x00007ffb9db94000 	C:\WINDOWS\SYSTEM32\apphelp.dll
0x00007ffba2440000 - 0x00007ffba2540000 	C:\WINDOWS\System32\ucrtbase.dll
0x00007ffb838d0000 - 0x00007ffb838e7000 	C:\Program Files\Java\jdk-22.0.2\bin\jli.dll
0x00007ffb82b90000 - 0x00007ffb82bab000 	C:\Program Files\Java\jdk-22.0.2\bin\VCRUNTIME140.dll
0x00007ffba3660000 - 0x00007ffba37fd000 	C:\WINDOWS\System32\USER32.dll
0x00007ffba1bb0000 - 0x00007ffba1bd2000 	C:\WINDOWS\System32\win32u.dll
0x00007ffba1040000 - 0x00007ffba12db000 	C:\WINDOWS\WinSxS\amd64_microsoft.windows.common-controls_6595b64144ccf1df_6.0.19041.6280_none_60bc30a171f2f3f3\COMCTL32.dll
0x00007ffba2e20000 - 0x00007ffba2e4b000 	C:\WINDOWS\System32\GDI32.dll
0x00007ffba1d90000 - 0x00007ffba1ea9000 	C:\WINDOWS\System32\gdi32full.dll
0x00007ffba2f00000 - 0x00007ffba2f9e000 	C:\WINDOWS\System32\msvcrt.dll
0x00007ffba1ca0000 - 0x00007ffba1d3d000 	C:\WINDOWS\System32\msvcp_win.dll
0x00007ffba3630000 - 0x00007ffba365f000 	C:\WINDOWS\System32\IMM32.DLL
0x00007ffb9b3c0000 - 0x00007ffb9b3cc000 	C:\Program Files\Java\jdk-22.0.2\bin\vcruntime140_1.dll
0x00007ffb36550000 - 0x00007ffb365de000 	C:\Program Files\Java\jdk-22.0.2\bin\msvcp140.dll
0x00007ffb0e1f0000 - 0x00007ffb0ef39000 	C:\Program Files\Java\jdk-22.0.2\bin\server\jvm.dll
0x00007ffba2540000 - 0x00007ffba25f1000 	C:\WINDOWS\System32\ADVAPI32.dll
0x00007ffba3f90000 - 0x00007ffba402f000 	C:\WINDOWS\System32\sechost.dll
0x00007ffba3510000 - 0x00007ffba3630000 	C:\WINDOWS\System32\RPCRT4.dll
0x00007ffba1c70000 - 0x00007ffba1c97000 	C:\WINDOWS\System32\bcrypt.dll
0x00007ffba3800000 - 0x00007ffba386b000 	C:\WINDOWS\System32\WS2_32.dll
0x00007ffba17a0000 - 0x00007ffba17eb000 	C:\WINDOWS\SYSTEM32\POWRPROF.dll
0x00007ffb92fd0000 - 0x00007ffb92ff7000 	C:\WINDOWS\SYSTEM32\WINMM.dll
0x00007ffb97d90000 - 0x00007ffb97d9a000 	C:\WINDOWS\SYSTEM32\VERSION.dll
0x00007ffba1300000 - 0x00007ffba1312000 	C:\WINDOWS\SYSTEM32\UMPDC.dll
0x00007ffb9fd00000 - 0x00007ffb9fd12000 	C:\WINDOWS\SYSTEM32\kernel.appcore.dll
0x00007ffb936b0000 - 0x00007ffb936ba000 	C:\Program Files\Java\jdk-22.0.2\bin\jimage.dll
0x00007ffba1590000 - 0x00007ffba1791000 	C:\WINDOWS\SYSTEM32\DBGHELP.DLL
0x00007ffba14d0000 - 0x00007ffba1504000 	C:\WINDOWS\SYSTEM32\dbgcore.DLL
0x00007ffba1be0000 - 0x00007ffba1c62000 	C:\WINDOWS\System32\bcryptPrimitives.dll
0x00007ffb8c100000 - 0x00007ffb8c10f000 	C:\Program Files\Java\jdk-22.0.2\bin\instrument.dll
0x00007ffb82b70000 - 0x00007ffb82b8e000 	C:\Program Files\Java\jdk-22.0.2\bin\java.dll
0x00007ffba26b0000 - 0x00007ffba2e20000 	C:\WINDOWS\System32\SHELL32.dll
0x00007ffba3320000 - 0x00007ffba344b000 	C:\WINDOWS\System32\ole32.dll
0x00007ffba2fa0000 - 0x00007ffba32f3000 	C:\WINDOWS\System32\combase.dll
0x00007ffb9f550000 - 0x00007ffb9fcf5000 	C:\WINDOWS\SYSTEM32\windows.storage.dll
0x00007ffba0e30000 - 0x00007ffba0e5b000 	C:\WINDOWS\SYSTEM32\Wldp.dll
0x00007ffba3ea0000 - 0x00007ffba3f6d000 	C:\WINDOWS\System32\OLEAUT32.dll
0x00007ffba2600000 - 0x00007ffba26ad000 	C:\WINDOWS\System32\SHCORE.dll
0x00007ffba3450000 - 0x00007ffba34ab000 	C:\WINDOWS\System32\shlwapi.dll
0x00007ffba1ae0000 - 0x00007ffba1b04000 	C:\WINDOWS\SYSTEM32\profapi.dll
0x00007ffb33730000 - 0x00007ffb33807000 	C:\Program Files\Java\jdk-22.0.2\bin\jsvml.dll
0x00007ffb81080000 - 0x00007ffb81097000 	C:\Program Files\Java\jdk-22.0.2\bin\zip.dll
0x00007ffb85b80000 - 0x00007ffb85b90000 	C:\Program Files\Java\jdk-22.0.2\bin\net.dll
0x00007ffba0bb0000 - 0x00007ffba0c1a000 	C:\WINDOWS\system32\mswsock.dll
0x00007ffb7ff00000 - 0x00007ffb7ff16000 	C:\Program Files\Java\jdk-22.0.2\bin\nio.dll
0x00007ffb84860000 - 0x00007ffb84870000 	C:\Program Files\Java\jdk-22.0.2\bin\verify.dll
0x00007ffb74e30000 - 0x00007ffb74e57000 	E:\flutter_cache\gradle-home\native\1def1411415f61bf3af743bc5b6707747c0891f09f0c88961ee8f79bc544acac\windows-amd64\native-platform.dll
0x00007ffb3b2a0000 - 0x00007ffb3b318000 	E:\flutter_cache\gradle-home\native\0.2.7\x86_64-windows-gnu\gradle-fileevents.dll
0x00007ffb84200000 - 0x00007ffb8420a000 	C:\Program Files\Java\jdk-22.0.2\bin\management.dll
0x00007ffb81070000 - 0x00007ffb8107b000 	C:\Program Files\Java\jdk-22.0.2\bin\management_ext.dll
0x00007ffba3f70000 - 0x00007ffba3f78000 	C:\WINDOWS\System32\PSAPI.DLL
0x00007ffba08b0000 - 0x00007ffba08eb000 	C:\WINDOWS\SYSTEM32\IPHLPAPI.DLL
0x00007ffba3f80000 - 0x00007ffba3f88000 	C:\WINDOWS\System32\NSI.dll
0x00007ffb7def0000 - 0x00007ffb7def9000 	C:\Program Files\Java\jdk-22.0.2\bin\extnet.dll
0x00007ffba1920000 - 0x00007ffba1938000 	C:\WINDOWS\SYSTEM32\CRYPTSP.dll
0x00007ffba0550000 - 0x00007ffba0588000 	C:\WINDOWS\system32\rsaenh.dll
0x00007ffba1aa0000 - 0x00007ffba1ace000 	C:\WINDOWS\SYSTEM32\USERENV.dll
0x00007ffba0d40000 - 0x00007ffba0d4c000 	C:\WINDOWS\SYSTEM32\CRYPTBASE.dll
0x00007ffb7dee0000 - 0x00007ffb7deee000 	C:\Program Files\Java\jdk-22.0.2\bin\sunmscapi.dll
0x00007ffba22e0000 - 0x00007ffba243d000 	C:\WINDOWS\System32\CRYPT32.dll
0x00007ffba0e70000 - 0x00007ffba0e97000 	C:\WINDOWS\SYSTEM32\ncrypt.dll
0x00007ffba0da0000 - 0x00007ffba0ddb000 	C:\WINDOWS\SYSTEM32\NTASN1.dll
0x00007ffb6d8e0000 - 0x00007ffb6d8e7000 	C:\WINDOWS\system32\wshunix.dll

dbghelp: loaded successfully - version: 4.0.5 - missing functions: none
symbol engine: initialized successfully - sym options: 0x614 - pdb path: .;C:\Program Files\Java\jdk-22.0.2\bin;C:\WINDOWS\SYSTEM32;C:\WINDOWS\WinSxS\amd64_microsoft.windows.common-controls_6595b64144ccf1df_6.0.19041.6280_none_60bc30a171f2f3f3;C:\Program Files\Java\jdk-22.0.2\bin\server;E:\flutter_cache\gradle-home\native\1def1411415f61bf3af743bc5b6707747c0891f09f0c88961ee8f79bc544acac\windows-amd64;E:\flutter_cache\gradle-home\native\0.2.7\x86_64-windows-gnu

VM Arguments:
jvm_args: --add-opens=java.base/java.lang=ALL-UNNAMED --add-opens=java.base/java.lang.invoke=ALL-UNNAMED --add-opens=java.base/java.util=ALL-UNNAMED --add-opens=java.prefs/java.util.prefs=ALL-UNNAMED --add-exports=jdk.compiler/com.sun.tools.javac.api=ALL-UNNAMED --add-exports=jdk.compiler/com.sun.tools.javac.util=ALL-UNNAMED --add-opens=java.base/java.util=ALL-UNNAMED --add-opens=java.prefs/java.util.prefs=ALL-UNNAMED --add-opens=java.base/java.nio.charset=ALL-UNNAMED --add-opens=java.base/java.net=ALL-UNNAMED --add-opens=java.base/java.util.concurrent.atomic=ALL-UNNAMED --add-opens=java.xml/javax.xml.namespace=ALL-UNNAMED -Xmx2048m -Dfile.encoding=UTF-8 -Duser.country=RU -Duser.language=ru -Duser.variant -javaagent:E:\flutter_cache\gradle-home\wrapper\dists\gradle-8.13-bin\5xuhj0ry160q40clulazy9h7d\gradle-8.13\lib\agents\gradle-instrumentation-agent-8.13.jar 
java_command: org.gradle.launcher.daemon.bootstrap.GradleDaemon 8.13
java_class_path (initial): E:\flutter_cache\gradle-home\wrapper\dists\gradle-8.13-bin\5xuhj0ry160q40clulazy9h7d\gradle-8.13\lib\gradle-daemon-main-8.13.jar
Launcher Type: SUN_STANDARD

[Global flags]
     intx CICompilerCount                          = 4                                         {product} {ergonomic}
     uint ConcGCThreads                            = 3                                         {product} {ergonomic}
     uint G1ConcRefinementThreads                  = 10                                        {product} {ergonomic}
   size_t G1HeapRegionSize                         = 1048576                                   {product} {ergonomic}
   size_t InitialHeapSize                          = 534773760                                 {product} {ergonomic}
   size_t MarkStackSize                            = 4194304                                   {product} {ergonomic}
   size_t MaxHeapSize                              = 2147483648                                {product} {command line}
   size_t MaxNewSize                               = 1287651328                                {product} {ergonomic}
   size_t MinHeapDeltaBytes                        = 1048576                                   {product} {ergonomic}
   size_t MinHeapSize                              = 8388608                                   {product} {ergonomic}
    uintx NonNMethodCodeHeapSize                   = 5839372                                {pd product} {ergonomic}
    uintx NonProfiledCodeHeapSize                  = 122909434                              {pd product} {ergonomic}
    uintx ProfiledCodeHeapSize                     = 122909434                              {pd product} {ergonomic}
    uintx ReservedCodeCacheSize                    = 251658240                              {pd product} {ergonomic}
     bool SegmentedCodeCache                       = true                                      {product} {ergonomic}
   size_t SoftMaxHeapSize                          = 2147483648                             {manageable} {ergonomic}
     bool UseCompressedOops                        = true                           {product lp64_product} {ergonomic}
     bool UseG1GC                                  = true                                      {product} {ergonomic}
     bool UseLargePagesIndividualAllocation        = false                                  {pd product} {ergonomic}

Logging:
Log output configuration:
 #0: stdout all=warning uptime,level,tags foldmultilines=false
 #1: stderr all=off uptime,level,tags foldmultilines=false

Environment Variables:
PATH=C:\Program Files (x86)\VMware\VMware Workstation\bin\;C:\Program Files\Common Files\Oracle\Java\javapath;C:\Program Files (x86)\Common Files\Oracle\Java\java8path;C:\Program Files (x86)\Common Files\Oracle\Java\javapath;D:\Oculus\Support\oculus-runtime;C:\Program Files (x86)\Common Files\Intel\Shared Libraries\redist\intel64\compiler;C:\WINDOWS\system32;C:\WINDOWS;C:\WINDOWS\System32\Wbem;C:\WINDOWS\System32\WindowsPowerShell\v1.0\;C:\WINDOWS\System32\OpenSSH\;C:\Program Files (x86)\NVIDIA Corporation\PhysX\Common;C:\Program Files\dotnet\;C:\Program Files\nodejs\;C:\msys64\mingw64\bin;C:\Program Files\Git\cmd;C:\Program Files\PuTTY\;C:\Program Files\PostgreSQL\16\bin;;C:\Program Files\Docker\Docker\resources\bin;C:\Program Files\LLVM\bin;C:\Users\lobod\AppData\Local\Programs\Python\Python311\Scripts\;C:\Users\lobod\AppData\Local\Programs\Python\Python311\;C:\Users\lobod\AppData\Local\Microsoft\WindowsApps;C:\Program Files\JetBrains\PyCharm 2024.2.4\bin;C:\Users\lobod\.dotnet\tools;C:\Users\lobod\AppData\Roaming\npm;C:\Users\lobod\AppData\Local\Programs\Microsoft VS Code\bin;C:\msys64\ucrt64\bin;C:\Program Files\Java\jdk-22.0.2\bin;C:\Program Files\JetBrains\IntelliJ IDEA 2024.2.3\bin;C:\Program Files\JetBrains\CLion 2024.3.4\bin;C:\Users\lobod\AppData\Local\Programs\cursor\resources\app\bin;C:\OpenSSL-Win64\bin;C:\Program Files\NVIDIA Corporation\NVIDIA App\NvDLISR;C:\Program Files (x86)\Microsoft SQL Server\170\Tools\Binn\;C:\Program Files\Microsoft SQL Server\170\Tools\Binn\;C:\Program Files\Microsoft SQL Server\Client SDK\ODBC\180\Tools\Binn\;C:\Program Files\Microsoft SQL Server\170\DTS\Binn\;C:\Program Files\Go\bin;C:\Users\lobod\develop\flutter\bin;C:\Users\lobod\AppData\Local\Programs\Python\Python311\Scripts\;C:\Users\lobod\AppData\Local\Programs\Python\Python311\;C:\Users\lobod\AppData\Local\Microsoft\WindowsApps;C:\Program Files\JetBrains\PyCharm 2024.2.4\bin;;C:\Users\lobod\.dotnet\tools;C:\Users\lobod\AppData\Roaming\npm;C:\Users\lobod\AppData\Local\Programs\Microsoft VS Code\bin;C:\msys64\ucrt64\bin;C:\Program Files\Java\jdk-22.0.2\bin;C:\Program Files\JetBrains\IntelliJ IDEA 2024.2.3\bin;;C:\Program Files\PostgreSQL\16\bin;C:\Program Files\JetBrains\CLion 2024.3.4\bin;;C:\Users\lobod\AppData\Local\Programs\cursor\resources\app\bin;C:\Users\lobod\go\bin;E:\JetBrains Rider 2025.3.3\bin;
USERNAME=lobod
OS=Windows_NT
PROCESSOR_IDENTIFIER=Intel64 Family 6 Model 151 Stepping 5, GenuineIntel
TMP=C:\Users\lobod\AppData\Local\Temp
TEMP=C:\Users\lobod\AppData\Local\Temp




Periodic native trim disabled

---------------  S Y S T E M  ---------------

OS:
 Windows 10 , 64 bit Build 19041 (10.0.19041.5915)
OS uptime: 4 days 5:15 hours
Hyper-V role detected

CPU: total 12 (initial active 12) (6 cores per cpu, 2 threads per core) family 6 model 151 stepping 5 microcode 0x26, cx8, cmov, fxsr, ht, mmx, 3dnowpref, sse, sse2, sse3, ssse3, sse4.1, sse4.2, popcnt, lzcnt, tsc, tscinvbit, avx, avx2, aes, erms, clmul, bmi1, bmi2, adx, sha, fma, vzeroupper, clflush, clflushopt, clwb, hv, rdtscp, rdpid, fsrm, f16c, cet_ibt, cet_ss
Processor Information for all 12 processors :
  Max Mhz: 2500, Current Mhz: 2500, Mhz Limit: 2500

Memory: 4k page, system-wide physical 32606M (1911M free)
TotalPageFile size 69199M (AvailPageFile size 119M)
current process WorkingSet (physical memory assigned to process): 704M, peak: 714M
current process commit charge ("private bytes"): 750M, peak: 832M

vm_info: OpenJDK 64-Bit Server VM (22.0.2+9-70) for windows-amd64 JRE (22.0.2+9-70), built on 2024-06-04T16:52:23Z by "mach5one" with MS VC++ 17.6 (VS2022)

END.
