#
# There is insufficient memory for the Java Runtime Environment to continue.
# Native memory allocation (mmap) failed to map 95420416 bytes. Error detail: G1 virtual space
# Possible reasons:
#   The system is out of physical RAM or swap space
#   This process is running with CompressedOops enabled, and the Java Heap may be blocking the growth of the native heap
# Possible solutions:
#   Reduce memory load on the system
#   Increase physical memory or swap space
#   Check if swap backing store is full
#   Decrease Java heap size (-Xmx/-Xms)
#   Decrease number of Java threads
#   Decrease Java thread stack sizes (-Xss)
#   Set larger code cache with -XX:ReservedCodeCacheSize=
#   JVM is running with Unscaled Compressed Oops mode in which the Java heap is
#     placed in the first 4GB address space. The Java Heap base address is the
#     maximum limit for the native heap growth. Please use -XX:HeapBaseMinAddress
#     to set the Java Heap base and to place the Java Heap above 4GB virtual address.
# This output file may be truncated or incomplete.
#
#  Out of Memory Error (os_windows.cpp:3631), pid=30028, tid=54152
#
# JRE version: OpenJDK Runtime Environment (22.0.2+9) (build 22.0.2+9-70)
# Java VM: OpenJDK 64-Bit Server VM (22.0.2+9-70, mixed mode, sharing, tiered, compressed oops, compressed class ptrs, g1 gc, windows-amd64)
# No core dump will be written. Minidumps are not enabled by default on client versions of Windows
#

---------------  S U M M A R Y ------------

Command Line: --add-opens=java.base/java.lang=ALL-UNNAMED --add-opens=java.base/java.lang.invoke=ALL-UNNAMED --add-opens=java.base/java.util=ALL-UNNAMED --add-opens=java.prefs/java.util.prefs=ALL-UNNAMED --add-exports=jdk.compiler/com.sun.tools.javac.api=ALL-UNNAMED --add-exports=jdk.compiler/com.sun.tools.javac.util=ALL-UNNAMED --add-opens=java.base/java.util=ALL-UNNAMED --add-opens=java.prefs/java.util.prefs=ALL-UNNAMED --add-opens=java.base/java.nio.charset=ALL-UNNAMED --add-opens=java.base/java.net=ALL-UNNAMED --add-opens=java.base/java.util.concurrent.atomic=ALL-UNNAMED --add-opens=java.xml/javax.xml.namespace=ALL-UNNAMED -Xmx2048m -Dfile.encoding=UTF-8 -Duser.country=RU -Duser.language=ru -Duser.variant -javaagent:E:\flutter_cache\gradle-home\wrapper\dists\gradle-8.13-bin\5xuhj0ry160q40clulazy9h7d\gradle-8.13\lib\agents\gradle-instrumentation-agent-8.13.jar org.gradle.launcher.daemon.bootstrap.GradleDaemon 8.13

Host: 12th Gen Intel(R) Core(TM) i5-12400F, 12 cores, 31G,  Windows 10 , 64 bit Build 19041 (10.0.19041.5915)
Time: Sun Jul  5 00:30:26 2026  Windows 10 , 64 bit Build 19041 (10.0.19041.5915) elapsed time: 7.370549 seconds (0d 0h 0m 7s)

---------------  T H R E A D  ---------------

Current thread (0x0000023648aab060):  VMThread "VM Thread"          [id=54152, stack(0x00000041a1100000,0x00000041a1200000) (1024K)]

Stack: [0x00000041a1100000,0x00000041a1200000]
Native frames: (J=compiled Java code, j=interpreted, Vv=VM code, C=native code)
V  [jvm.dll+0x6e26e9]  (no source info available)
V  [jvm.dll+0x875753]  (no source info available)
V  [jvm.dll+0x877b7e]  (no source info available)
V  [jvm.dll+0x878253]  (no source info available)
V  [jvm.dll+0x27fc86]  (no source info available)
V  [jvm.dll+0x6ded85]  (no source info available)
V  [jvm.dll+0x6d388a]  (no source info available)
V  [jvm.dll+0x358b8a]  (no source info available)
V  [jvm.dll+0x3610b6]  (no source info available)
V  [jvm.dll+0x3b419e]  (no source info available)
V  [jvm.dll+0x3b4448]  (no source info available)
V  [jvm.dll+0x32c5ec]  (no source info available)
V  [jvm.dll+0x32c677]  (no source info available)
V  [jvm.dll+0x37244c]  (no source info available)
V  [jvm.dll+0x370b46]  (no source info available)
V  [jvm.dll+0x32bcd7]  (no source info available)
V  [jvm.dll+0x370304]  (no source info available)
V  [jvm.dll+0x87e0f0]  (no source info available)
V  [jvm.dll+0x87f477]  (no source info available)
V  [jvm.dll+0x87f9f0]  (no source info available)
V  [jvm.dll+0x87fc93]  (no source info available)
V  [jvm.dll+0x81dc0b]  (no source info available)
V  [jvm.dll+0x6e0d85]  (no source info available)
C  [ucrtbase.dll+0x21bb2]  (no source info available)
C  [KERNEL32.DLL+0x17374]  (no source info available)
C  [ntdll.dll+0x4cc91]  (no source info available)

VM_Operation (0x00000041a60fa970): G1CollectForAllocation, mode: safepoint, requested by thread 0x000002369550f780


---------------  P R O C E S S  ---------------

Threads class SMR info:
_java_thread_list=0x0000023648aa8830, length=69, elements={
0x0000023629ac53b0, 0x0000023648be36e0, 0x0000023648be3d50, 0x0000023648be4bf0,
0x0000023648be5680, 0x0000023648be8790, 0x0000023648bf4e20, 0x0000023648c04160,
0x0000023648c04c80, 0x0000023648cf7060, 0x0000023648e5ede0, 0x0000023648c07560,
0x000002368fb589f0, 0x000002368fb05520, 0x000002368f9f8110, 0x000002368fa7dc00,
0x000002368facd080, 0x000002368fb59430, 0x000002368faf2300, 0x000002368faf1c70,
0x000002368faf2990, 0x000002368faef510, 0x000002368faf0230, 0x000002368faefba0,
0x000002368faf08c0, 0x000002368faf15e0, 0x000002369198b5d0, 0x0000023691988e70,
0x000002369198a220, 0x00000236919887e0, 0x000002369198dd30, 0x000002369198bc60,
0x000002369198c2f0, 0x0000023691987ac0, 0x000002369198f0e0, 0x0000023693bd1d20,
0x0000023693bcf5c0, 0x0000023693bd23b0, 0x0000023693bcd4f0, 0x0000023693bd02e0,
0x0000023693bd2a40, 0x0000023693bd0970, 0x0000023693bd30d0, 0x0000023693bcce60,
0x0000023693bd3760, 0x0000023693bcdb80, 0x0000023648c05350, 0x0000023693bcef30,
0x0000023693bd4480, 0x000002369198a8b0, 0x000002369550fe10, 0x000002369550dd40,
0x000002369550af50, 0x000002369550b5e0, 0x0000023695509ba0, 0x00000236955111c0,
0x000002369550d6b0, 0x000002369550a230, 0x000002369550a8c0, 0x000002369550bc70,
0x000002369550c300, 0x00000236955104a0, 0x000002369550c990, 0x000002369550d020,
0x0000023695510b30, 0x000002369550e3d0, 0x000002369550ea60, 0x000002369550f0f0,
0x000002369550f780
}

Java Threads: ( => current thread )
  0x0000023629ac53b0 JavaThread "main"                              [_thread_blocked, id=43424, stack(0x00000041a0a00000,0x00000041a0b00000) (1024K)]
  0x0000023648be36e0 JavaThread "Reference Handler"          daemon [_thread_blocked, id=32168, stack(0x00000041a1200000,0x00000041a1300000) (1024K)]
  0x0000023648be3d50 JavaThread "Finalizer"                  daemon [_thread_blocked, id=33560, stack(0x00000041a1300000,0x00000041a1400000) (1024K)]
  0x0000023648be4bf0 JavaThread "Signal Dispatcher"          daemon [_thread_blocked, id=4760, stack(0x00000041a1400000,0x00000041a1500000) (1024K)]
  0x0000023648be5680 JavaThread "Attach Listener"            daemon [_thread_blocked, id=18040, stack(0x00000041a1500000,0x00000041a1600000) (1024K)]
  0x0000023648be8790 JavaThread "Service Thread"             daemon [_thread_blocked, id=51536, stack(0x00000041a1600000,0x00000041a1700000) (1024K)]
  0x0000023648bf4e20 JavaThread "Monitor Deflation Thread"   daemon [_thread_blocked, id=26948, stack(0x00000041a1700000,0x00000041a1800000) (1024K)]
  0x0000023648c04160 JavaThread "C2 CompilerThread0"         daemon [_thread_blocked, id=640, stack(0x00000041a1800000,0x00000041a1900000) (1024K)]
  0x0000023648c04c80 JavaThread "C1 CompilerThread0"         daemon [_thread_blocked, id=50968, stack(0x00000041a1900000,0x00000041a1a00000) (1024K)]
  0x0000023648cf7060 JavaThread "Common-Cleaner"             daemon [_thread_blocked, id=42320, stack(0x00000041a1a00000,0x00000041a1b00000) (1024K)]
  0x0000023648e5ede0 JavaThread "Notification Thread"        daemon [_thread_blocked, id=50396, stack(0x00000041a1b00000,0x00000041a1c00000) (1024K)]
  0x0000023648c07560 JavaThread "C2 CompilerThread1"         daemon [_thread_blocked, id=3156, stack(0x00000041a1c00000,0x00000041a1d00000) (1024K)]
  0x000002368fb589f0 JavaThread "Daemon health stats"               [_thread_blocked, id=13036, stack(0x00000041a2700000,0x00000041a2800000) (1024K)]
  0x000002368fb05520 JavaThread "Incoming local TCP Connector on port 55475"        [_thread_in_native, id=39788, stack(0x00000041a2800000,0x00000041a2900000) (1024K)]
  0x000002368f9f8110 JavaThread "Daemon periodic checks"            [_thread_blocked, id=18424, stack(0x00000041a2900000,0x00000041a2a00000) (1024K)]
  0x000002368fa7dc00 JavaThread "Daemon"                            [_thread_blocked, id=39648, stack(0x00000041a2a00000,0x00000041a2b00000) (1024K)]
  0x000002368facd080 JavaThread "Handler for socket connection from /127.0.0.1:55475 to /127.0.0.1:55476"        [_thread_in_native, id=4808, stack(0x00000041a2b00000,0x00000041a2c00000) (1024K)]
  0x000002368fb59430 JavaThread "Cancel handler"                    [_thread_blocked, id=11288, stack(0x00000041a2c00000,0x00000041a2d00000) (1024K)]
  0x000002368faf2300 JavaThread "Daemon worker"                     [_thread_blocked, id=46036, stack(0x00000041a2d00000,0x00000041a2e00000) (1024K)]
  0x000002368faf1c70 JavaThread "Asynchronous log dispatcher for DefaultDaemonConnection: socket connection from /127.0.0.1:55475 to /127.0.0.1:55476"        [_thread_blocked, id=908, stack(0x00000041a2e00000,0x00000041a2f00000) (1024K)]
  0x000002368faf2990 JavaThread "Stdin handler"                     [_thread_blocked, id=52824, stack(0x00000041a2f00000,0x00000041a3000000) (1024K)]
  0x000002368faef510 JavaThread "Daemon client event forwarder"        [_thread_blocked, id=49124, stack(0x00000041a3000000,0x00000041a3100000) (1024K)]
  0x000002368faf0230 JavaThread "Cache worker for journal cache (E:\flutter_cache\gradle-home\caches\journal-1)"        [_thread_blocked, id=43604, stack(0x00000041a3100000,0x00000041a3200000) (1024K)]
  0x000002368faefba0 JavaThread "File lock request listener"        [_thread_in_native, id=38412, stack(0x00000041a3200000,0x00000041a3300000) (1024K)]
  0x000002368faf08c0 JavaThread "Cache worker for file hash cache (E:\flutter_cache\gradle-home\caches\8.13\fileHashes)"        [_thread_blocked, id=10884, stack(0x00000041a3300000,0x00000041a3400000) (1024K)]
  0x000002368faf15e0 JavaThread "Cache worker for file hash cache (E:\flutter_projects\FoolLegends\.gradle\8.13\fileHashes)"        [_thread_blocked, id=42728, stack(0x00000041a3600000,0x00000041a3700000) (1024K)]
  0x000002369198b5d0 JavaThread "Cache worker for Build Output Cleanup Cache (E:\flutter_projects\FoolLegends\.gradle\buildOutputCleanup)"        [_thread_blocked, id=40452, stack(0x00000041a3700000,0x00000041a3800000) (1024K)]
  0x0000023691988e70 JavaThread "File watcher server"        daemon [_thread_in_native, id=27736, stack(0x00000041a3800000,0x00000041a3900000) (1024K)]
  0x000002369198a220 JavaThread "File watcher consumer"      daemon [_thread_blocked, id=20416, stack(0x00000041a3900000,0x00000041a3a00000) (1024K)]
  0x00000236919887e0 JavaThread "jar transforms"                    [_thread_blocked, id=20236, stack(0x00000041a3a00000,0x00000041a3b00000) (1024K)]
  0x000002369198dd30 JavaThread "jar transforms Thread 2"           [_thread_blocked, id=22580, stack(0x00000041a3b00000,0x00000041a3c00000) (1024K)]
  0x000002369198bc60 JavaThread "Cache worker for checksums cache (E:\flutter_projects\FoolLegends\.gradle\8.13\checksums)"        [_thread_blocked, id=18916, stack(0x00000041a3c00000,0x00000041a3d00000) (1024K)]
  0x000002369198c2f0 JavaThread "Cache worker for file content cache (E:\flutter_cache\gradle-home\caches\8.13\fileContent)"        [_thread_blocked, id=27912, stack(0x00000041a3d00000,0x00000041a3e00000) (1024K)]
  0x0000023691987ac0 JavaThread "Cache worker for cache directory md-supplier (E:\flutter_cache\gradle-home\caches\8.13\md-supplier)"        [_thread_blocked, id=48216, stack(0x00000041a3e00000,0x00000041a3f00000) (1024K)]
  0x000002369198f0e0 JavaThread "Cache worker for cache directory md-rule (E:\flutter_cache\gradle-home\caches\8.13\md-rule)"        [_thread_blocked, id=45072, stack(0x00000041a3f00000,0x00000041a4000000) (1024K)]
  0x0000023693bd1d20 JavaThread "Unconstrained build operations"        [_thread_blocked, id=45276, stack(0x00000041a1d00000,0x00000041a1e00000) (1024K)]
  0x0000023693bcf5c0 JavaThread "Unconstrained build operations Thread 2"        [_thread_blocked, id=15772, stack(0x00000041a4000000,0x00000041a4100000) (1024K)]
  0x0000023693bd23b0 JavaThread "Unconstrained build operations Thread 3"        [_thread_blocked, id=32764, stack(0x00000041a4100000,0x00000041a4200000) (1024K)]
  0x0000023693bcd4f0 JavaThread "Unconstrained build operations Thread 4"        [_thread_blocked, id=48032, stack(0x00000041a4200000,0x00000041a4300000) (1024K)]
  0x0000023693bd02e0 JavaThread "Unconstrained build operations Thread 5"        [_thread_blocked, id=36772, stack(0x00000041a4300000,0x00000041a4400000) (1024K)]
  0x0000023693bd2a40 JavaThread "Unconstrained build operations Thread 6"        [_thread_blocked, id=10156, stack(0x00000041a4400000,0x00000041a4500000) (1024K)]
  0x0000023693bd0970 JavaThread "Unconstrained build operations Thread 7"        [_thread_blocked, id=38724, stack(0x00000041a4500000,0x00000041a4600000) (1024K)]
  0x0000023693bd30d0 JavaThread "Unconstrained build operations Thread 8"        [_thread_blocked, id=10496, stack(0x00000041a4600000,0x00000041a4700000) (1024K)]
  0x0000023693bcce60 JavaThread "Unconstrained build operations Thread 9"        [_thread_blocked, id=26964, stack(0x00000041a4700000,0x00000041a4800000) (1024K)]
  0x0000023693bd3760 JavaThread "Unconstrained build operations Thread 10"        [_thread_blocked, id=38504, stack(0x00000041a4800000,0x00000041a4900000) (1024K)]
  0x0000023693bcdb80 JavaThread "Unconstrained build operations Thread 11"        [_thread_blocked, id=26736, stack(0x00000041a4900000,0x00000041a4a00000) (1024K)]
  0x0000023648c05350 JavaThread "C2 CompilerThread2"         daemon [_thread_blocked, id=8196, stack(0x00000041a4a00000,0x00000041a4b00000) (1024K)]
  0x0000023693bcef30 JavaThread "Unconstrained build operations Thread 12"        [_thread_blocked, id=31272, stack(0x00000041a4b00000,0x00000041a4c00000) (1024K)]
  0x0000023693bd4480 JavaThread "Unconstrained build operations Thread 13"        [_thread_blocked, id=36184, stack(0x00000041a4c00000,0x00000041a4d00000) (1024K)]
  0x000002369198a8b0 JavaThread "Unconstrained build operations Thread 14"        [_thread_blocked, id=51396, stack(0x00000041a4d00000,0x00000041a4e00000) (1024K)]
  0x000002369550fe10 JavaThread "Unconstrained build operations Thread 15"        [_thread_blocked, id=53616, stack(0x00000041a4e00000,0x00000041a4f00000) (1024K)]
  0x000002369550dd40 JavaThread "Unconstrained build operations Thread 16"        [_thread_blocked, id=11744, stack(0x00000041a4f00000,0x00000041a5000000) (1024K)]
  0x000002369550af50 JavaThread "Unconstrained build operations Thread 17"        [_thread_blocked, id=25916, stack(0x00000041a5000000,0x00000041a5100000) (1024K)]
  0x000002369550b5e0 JavaThread "Unconstrained build operations Thread 18"        [_thread_blocked, id=25152, stack(0x00000041a5100000,0x00000041a5200000) (1024K)]
  0x0000023695509ba0 JavaThread "Unconstrained build operations Thread 19"        [_thread_blocked, id=29336, stack(0x00000041a5200000,0x00000041a5300000) (1024K)]
  0x00000236955111c0 JavaThread "Unconstrained build operations Thread 20"        [_thread_blocked, id=11076, stack(0x00000041a5300000,0x00000041a5400000) (1024K)]
  0x000002369550d6b0 JavaThread "Unconstrained build operations Thread 21"        [_thread_blocked, id=36916, stack(0x00000041a5400000,0x00000041a5500000) (1024K)]
  0x000002369550a230 JavaThread "Unconstrained build operations Thread 22"        [_thread_blocked, id=7676, stack(0x00000041a5500000,0x00000041a5600000) (1024K)]
  0x000002369550a8c0 JavaThread "Unconstrained build operations Thread 23"        [_thread_blocked, id=9264, stack(0x00000041a5600000,0x00000041a5700000) (1024K)]
  0x000002369550bc70 JavaThread "Unconstrained build operations Thread 24"        [_thread_blocked, id=30104, stack(0x00000041a5700000,0x00000041a5800000) (1024K)]
  0x000002369550c300 JavaThread "Unconstrained build operations Thread 25"        [_thread_blocked, id=51180, stack(0x00000041a5800000,0x00000041a5900000) (1024K)]
  0x00000236955104a0 JavaThread "Unconstrained build operations Thread 26"        [_thread_blocked, id=31016, stack(0x00000041a5900000,0x00000041a5a00000) (1024K)]
  0x000002369550c990 JavaThread "Unconstrained build operations Thread 27"        [_thread_blocked, id=27968, stack(0x00000041a5a00000,0x00000041a5b00000) (1024K)]
  0x000002369550d020 JavaThread "Unconstrained build operations Thread 28"        [_thread_blocked, id=32172, stack(0x00000041a5b00000,0x00000041a5c00000) (1024K)]
  0x0000023695510b30 JavaThread "Unconstrained build operations Thread 29"        [_thread_blocked, id=53216, stack(0x00000041a5c00000,0x00000041a5d00000) (1024K)]
  0x000002369550e3d0 JavaThread "Unconstrained build operations Thread 30"        [_thread_blocked, id=2148, stack(0x00000041a5d00000,0x00000041a5e00000) (1024K)]
  0x000002369550ea60 JavaThread "Unconstrained build operations Thread 31"        [_thread_blocked, id=41020, stack(0x00000041a5e00000,0x00000041a5f00000) (1024K)]
  0x000002369550f0f0 JavaThread "Unconstrained build operations Thread 32"        [_thread_blocked, id=29932, stack(0x00000041a5f00000,0x00000041a6000000) (1024K)]
  0x000002369550f780 JavaThread "Unconstrained build operations Thread 33"        [_thread_blocked, id=54040, stack(0x00000041a6000000,0x00000041a6100000) (1024K)]
Total: 69

Other Threads:
=>0x0000023648aab060 VMThread "VM Thread"                           [id=54152, stack(0x00000041a1100000,0x00000041a1200000) (1024K)]
  0x0000023648a92b90 WatcherThread "VM Periodic Task Thread"        [id=16656, stack(0x00000041a1000000,0x00000041a1100000) (1024K)]
  0x000002362bdd28f0 WorkerThread "GC Thread#0"                     [id=36536, stack(0x00000041a0b00000,0x00000041a0c00000) (1024K)]
  0x000002368e09d350 WorkerThread "GC Thread#1"                     [id=45720, stack(0x00000041a1e00000,0x00000041a1f00000) (1024K)]
  0x000002368e7e4dc0 WorkerThread "GC Thread#2"                     [id=28500, stack(0x00000041a1f00000,0x00000041a2000000) (1024K)]
  0x000002368e7e5170 WorkerThread "GC Thread#3"                     [id=28804, stack(0x00000041a2000000,0x00000041a2100000) (1024K)]
  0x000002368e7da990 WorkerThread "GC Thread#4"                     [id=22120, stack(0x00000041a2100000,0x00000041a2200000) (1024K)]
  0x000002368e813480 WorkerThread "GC Thread#5"                     [id=52092, stack(0x00000041a2200000,0x00000041a2300000) (1024K)]
  0x000002368e814450 WorkerThread "GC Thread#6"                     [id=18660, stack(0x00000041a2300000,0x00000041a2400000) (1024K)]
  0x000002368e7b6100 WorkerThread "GC Thread#7"                     [id=16464, stack(0x00000041a2400000,0x00000041a2500000) (1024K)]
  0x000002368e7b68c0 WorkerThread "GC Thread#8"                     [id=50840, stack(0x00000041a2500000,0x00000041a2600000) (1024K)]
  0x000002368e7b7280 WorkerThread "GC Thread#9"                     [id=35872, stack(0x00000041a2600000,0x00000041a2700000) (1024K)]
  0x000002362bde3a90 ConcurrentGCThread "G1 Main Marker"            [id=51664, stack(0x00000041a0c00000,0x00000041a0d00000) (1024K)]
  0x000002362bde45a0 WorkerThread "G1 Conc#0"                       [id=41996, stack(0x00000041a0d00000,0x00000041a0e00000) (1024K)]
  0x0000023692301170 WorkerThread "G1 Conc#1"                       [id=47492, stack(0x00000041a3400000,0x00000041a3500000) (1024K)]
  0x00000236922fddd0 WorkerThread "G1 Conc#2"                       [id=7380, stack(0x00000041a3500000,0x00000041a3600000) (1024K)]
  0x0000023648a80060 ConcurrentGCThread "G1 Refine#0"               [id=28392, stack(0x00000041a0e00000,0x00000041a0f00000) (1024K)]
  0x0000023648a83620 ConcurrentGCThread "G1 Service"                [id=13416, stack(0x00000041a0f00000,0x00000041a1000000) (1024K)]
Total: 18

Threads with active compile tasks:
C2 CompilerThread0  7448 10961       4       org.objectweb.asm.ClassReader::readMethod (1070 bytes)
C2 CompilerThread1  7448 10962       4       org.objectweb.asm.MethodWriter::putMethodInfo (1274 bytes)
C2 CompilerThread2  7448 10944       4       org.gradle.internal.classpath.types.ExternalPluginsInstrumentationTypeRegistry::computeAndCacheInstrumentedSuperTypes (39 bytes)
Total: 3

VM state: at safepoint (normal execution)

VM Mutex/Monitor currently owned by a thread:  ([mutex/lock_event])
[0x00007ffb0ee5cb80] Threads_lock - owner thread: 0x0000023648aab060
[0x00007ffb0ee5cc80] Heap_lock - owner thread: 0x000002369550f780

Heap address: 0x0000000080000000, size: 2048 MB, Compressed Oops mode: 32-bit

CDS archive(s) mapped at: [0x0000023649000000-0x0000023649c60000-0x0000023649c60000), size 12976128, SharedBaseAddress: 0x0000023649000000, ArchiveRelocationMode: 1.
Compressed class space mapped at: 0x000002364a000000-0x000002368a000000, reserved size: 1073741824
Narrow klass base: 0x0000023649000000, Narrow klass shift: 0, Narrow klass range: 0x41000000

GC Precious Log:
 CardTable entry size: 512
 Card Set container configuration: InlinePtr #cards 5 size 8 Array Of Cards #cards 12 size 40 Howl #buckets 4 coarsen threshold 1843 Howl Bitmap #cards 512 size 80 coarsen threshold 460 Card regions per heap region 1 cards per card region 2048
 CPUs: 12 total, 12 available
 Memory: 32606M
 Large Page Support: Disabled
 NUMA Support: Disabled
 Compressed Oops: Enabled (32-bit)
 Heap Region Size: 1M
 Heap Min Capacity: 8M
 Heap Initial Capacity: 510M
 Heap Max Capacity: 2G
 Pre-touch: Disabled
 Parallel Workers: 10
 Concurrent Workers: 3
 Concurrent Refinement Workers: 10
 Periodic GC: Disabled

Heap:
 garbage-first heap   total reserved 2097152K, committed 432128K, used 144774K [0x0000000080000000, 0x0000000100000000)
  region size 1024K, 16 young (16384K), 16 survivors (16384K)
 Metaspace       used 62261K, committed 64128K, reserved 1114112K
  class space    used 8917K, committed 9792K, reserved 1048576K

Heap Regions: E=young(eden), S=young(survivor), O=old, HS=humongous(starts), HC=humongous(continues), CS=collection set, F=free, TAMS=top-at-mark-start, PB=parsable bottom
|   0|0x0000000080000000, 0x0000000080100000, 0x0000000080100000|100%|HS|  |TAMS 0x0000000080000000| PB 0x0000000080000000| Complete |  0
|   1|0x0000000080100000, 0x0000000080200000, 0x0000000080200000|100%|HC|  |TAMS 0x0000000080100000| PB 0x0000000080100000| Complete |  0
|   2|0x0000000080200000, 0x0000000080300000, 0x0000000080300000|100%|HC|  |TAMS 0x0000000080200000| PB 0x0000000080200000| Complete |  0
|   3|0x0000000080300000, 0x0000000080400000, 0x0000000080400000|100%| O|  |TAMS 0x0000000080300000| PB 0x0000000080300000| Untracked |  0
|   4|0x0000000080400000, 0x0000000080500000, 0x0000000080500000|100%| O|  |TAMS 0x0000000080400000| PB 0x0000000080400000| Untracked |  0
|   5|0x0000000080500000, 0x0000000080600000, 0x0000000080600000|100%| O|  |TAMS 0x0000000080500000| PB 0x0000000080500000| Untracked |  0
|   6|0x0000000080600000, 0x0000000080700000, 0x0000000080700000|100%| O|  |TAMS 0x0000000080600000| PB 0x0000000080600000| Untracked |  0
|   7|0x0000000080700000, 0x0000000080800000, 0x0000000080800000|100%|HS|  |TAMS 0x0000000080700000| PB 0x0000000080700000| Complete |  0
|   8|0x0000000080800000, 0x0000000080900000, 0x0000000080900000|100%| O|  |TAMS 0x0000000080800000| PB 0x0000000080800000| Untracked |  0
|   9|0x0000000080900000, 0x0000000080a00000, 0x0000000080a00000|100%| O|  |TAMS 0x0000000080900000| PB 0x0000000080900000| Untracked |  0
|  10|0x0000000080a00000, 0x0000000080b00000, 0x0000000080b00000|100%| O|  |TAMS 0x0000000080a00000| PB 0x0000000080a00000| Untracked |  0
|  11|0x0000000080b00000, 0x0000000080c00000, 0x0000000080c00000|100%| O|  |TAMS 0x0000000080b00000| PB 0x0000000080b00000| Untracked |  0
|  12|0x0000000080c00000, 0x0000000080d00000, 0x0000000080d00000|100%| O|  |TAMS 0x0000000080c00000| PB 0x0000000080c00000| Untracked |  0
|  13|0x0000000080d00000, 0x0000000080e00000, 0x0000000080e00000|100%| O|  |TAMS 0x0000000080d00000| PB 0x0000000080d00000| Untracked |  0
|  14|0x0000000080e00000, 0x0000000080f00000, 0x0000000080f00000|100%| O|  |TAMS 0x0000000080e00000| PB 0x0000000080e00000| Untracked |  0
|  15|0x0000000080f00000, 0x0000000081000000, 0x0000000081000000|100%| O|  |TAMS 0x0000000080f00000| PB 0x0000000080f00000| Untracked |  0
|  16|0x0000000081000000, 0x0000000081100000, 0x0000000081100000|100%| O|  |TAMS 0x0000000081000000| PB 0x0000000081000000| Untracked |  0
|  17|0x0000000081100000, 0x0000000081200000, 0x0000000081200000|100%| O|  |TAMS 0x0000000081100000| PB 0x0000000081100000| Untracked |  0
|  18|0x0000000081200000, 0x0000000081300000, 0x0000000081300000|100%| O|  |TAMS 0x0000000081200000| PB 0x0000000081200000| Untracked |  0
|  19|0x0000000081300000, 0x0000000081400000, 0x0000000081400000|100%| O|  |TAMS 0x0000000081300000| PB 0x0000000081300000| Untracked |  0
|  20|0x0000000081400000, 0x0000000081500000, 0x0000000081500000|100%| O|  |TAMS 0x0000000081400000| PB 0x0000000081400000| Untracked |  0
|  21|0x0000000081500000, 0x0000000081600000, 0x0000000081600000|100%| O|  |TAMS 0x0000000081500000| PB 0x0000000081500000| Untracked |  0
|  22|0x0000000081600000, 0x0000000081700000, 0x0000000081700000|100%| O|  |TAMS 0x0000000081600000| PB 0x0000000081600000| Untracked |  0
|  23|0x0000000081700000, 0x0000000081800000, 0x0000000081800000|100%| O|  |TAMS 0x0000000081700000| PB 0x0000000081700000| Untracked |  0
|  24|0x0000000081800000, 0x0000000081900000, 0x0000000081900000|100%| O|  |TAMS 0x0000000081800000| PB 0x0000000081800000| Untracked |  0
|  25|0x0000000081900000, 0x0000000081a00000, 0x0000000081a00000|100%| O|  |TAMS 0x0000000081900000| PB 0x0000000081900000| Untracked |  0
|  26|0x0000000081a00000, 0x0000000081b00000, 0x0000000081b00000|100%| O|  |TAMS 0x0000000081a00000| PB 0x0000000081a00000| Untracked |  0
|  27|0x0000000081b00000, 0x0000000081c00000, 0x0000000081c00000|100%| O|  |TAMS 0x0000000081b00000| PB 0x0000000081b00000| Untracked |  0
|  28|0x0000000081c00000, 0x0000000081d00000, 0x0000000081d00000|100%| O|  |TAMS 0x0000000081c00000| PB 0x0000000081c00000| Untracked |  0
|  29|0x0000000081d00000, 0x0000000081e00000, 0x0000000081e00000|100%| O|  |TAMS 0x0000000081d00000| PB 0x0000000081d00000| Untracked |  0
|  30|0x0000000081e00000, 0x0000000081f00000, 0x0000000081f00000|100%| O|  |TAMS 0x0000000081e00000| PB 0x0000000081e00000| Untracked |  0
|  31|0x0000000081f00000, 0x0000000082000000, 0x0000000082000000|100%| O|  |TAMS 0x0000000081f00000| PB 0x0000000081f00000| Untracked |  0
|  32|0x0000000082000000, 0x0000000082061a10, 0x0000000082100000| 38%| O|  |TAMS 0x0000000082000000| PB 0x0000000082000000| Untracked |  0
|  33|0x0000000082100000, 0x0000000082200000, 0x0000000082200000|100%| O|  |TAMS 0x0000000082100000| PB 0x0000000082100000| Untracked |  0
|  34|0x0000000082200000, 0x0000000082300000, 0x0000000082300000|100%| O|  |TAMS 0x0000000082200000| PB 0x0000000082200000| Untracked |  0
|  35|0x0000000082300000, 0x0000000082400000, 0x0000000082400000|100%| O|  |TAMS 0x0000000082300000| PB 0x0000000082300000| Untracked |  0
|  36|0x0000000082400000, 0x0000000082500000, 0x0000000082500000|100%| O|  |TAMS 0x0000000082400000| PB 0x0000000082400000| Untracked |  0
|  37|0x0000000082500000, 0x0000000082600000, 0x0000000082600000|100%| O|  |TAMS 0x0000000082500000| PB 0x0000000082500000| Untracked |  0
|  38|0x0000000082600000, 0x0000000082700000, 0x0000000082700000|100%|HS|  |TAMS 0x0000000082600000| PB 0x0000000082600000| Complete |  0
|  39|0x0000000082700000, 0x0000000082700000, 0x0000000082800000|  0%| F|  |TAMS 0x0000000082700000| PB 0x0000000082700000| Untracked |  0
|  40|0x0000000082800000, 0x0000000082800000, 0x0000000082900000|  0%| F|  |TAMS 0x0000000082800000| PB 0x0000000082800000| Untracked |  0
|  41|0x0000000082900000, 0x0000000082a00000, 0x0000000082a00000|100%|HS|  |TAMS 0x0000000082900000| PB 0x0000000082900000| Complete |  0
|  42|0x0000000082a00000, 0x0000000082b00000, 0x0000000082b00000|100%|HC|  |TAMS 0x0000000082a00000| PB 0x0000000082a00000| Complete |  0
|  43|0x0000000082b00000, 0x0000000082c00000, 0x0000000082c00000|100%| O|  |TAMS 0x0000000082b00000| PB 0x0000000082b00000| Untracked |  0
|  44|0x0000000082c00000, 0x0000000082d00000, 0x0000000082d00000|100%| O|  |TAMS 0x0000000082c00000| PB 0x0000000082c00000| Untracked |  0
|  45|0x0000000082d00000, 0x0000000082e00000, 0x0000000082e00000|100%| O|  |TAMS 0x0000000082d00000| PB 0x0000000082d00000| Untracked |  0
|  46|0x0000000082e00000, 0x0000000082f00000, 0x0000000082f00000|100%| O|  |TAMS 0x0000000082e00000| PB 0x0000000082e00000| Untracked |  0
|  47|0x0000000082f00000, 0x0000000083000000, 0x0000000083000000|100%| O|  |TAMS 0x0000000082f00000| PB 0x0000000082f00000| Untracked |  0
|  48|0x0000000083000000, 0x0000000083100000, 0x0000000083100000|100%| O|  |TAMS 0x0000000083000000| PB 0x0000000083000000| Untracked |  0
|  49|0x0000000083100000, 0x0000000083200000, 0x0000000083200000|100%| O|  |TAMS 0x0000000083100000| PB 0x0000000083100000| Untracked |  0
|  50|0x0000000083200000, 0x0000000083300000, 0x0000000083300000|100%| O|  |TAMS 0x0000000083200000| PB 0x0000000083200000| Untracked |  0
|  51|0x0000000083300000, 0x0000000083400000, 0x0000000083400000|100%| O|  |TAMS 0x0000000083300000| PB 0x0000000083300000| Untracked |  0
|  52|0x0000000083400000, 0x0000000083500000, 0x0000000083500000|100%| O|  |TAMS 0x0000000083400000| PB 0x0000000083400000| Untracked |  0
|  53|0x0000000083500000, 0x0000000083600000, 0x0000000083600000|100%| O|  |TAMS 0x0000000083500000| PB 0x0000000083500000| Untracked |  0
|  54|0x0000000083600000, 0x0000000083600000, 0x0000000083700000|  0%| F|  |TAMS 0x0000000083600000| PB 0x0000000083600000| Untracked |  0
|  55|0x0000000083700000, 0x0000000083800000, 0x0000000083800000|100%| O|  |TAMS 0x0000000083700000| PB 0x0000000083700000| Untracked |  0
|  56|0x0000000083800000, 0x0000000083900000, 0x0000000083900000|100%| O|  |TAMS 0x0000000083800000| PB 0x0000000083800000| Untracked |  0
|  57|0x0000000083900000, 0x0000000083a00000, 0x0000000083a00000|100%| O|  |TAMS 0x0000000083900000| PB 0x0000000083900000| Untracked |  0
|  58|0x0000000083a00000, 0x0000000083b00000, 0x0000000083b00000|100%| O|  |TAMS 0x0000000083a00000| PB 0x0000000083a00000| Untracked |  0
|  59|0x0000000083b00000, 0x0000000083c00000, 0x0000000083c00000|100%| O|  |TAMS 0x0000000083b00000| PB 0x0000000083b00000| Untracked |  0
|  60|0x0000000083c00000, 0x0000000083d00000, 0x0000000083d00000|100%| O|  |TAMS 0x0000000083c00000| PB 0x0000000083c00000| Untracked |  0
|  61|0x0000000083d00000, 0x0000000083e00000, 0x0000000083e00000|100%| O|  |TAMS 0x0000000083d00000| PB 0x0000000083d00000| Untracked |  0
|  62|0x0000000083e00000, 0x0000000083f00000, 0x0000000083f00000|100%| O|  |TAMS 0x0000000083e00000| PB 0x0000000083e00000| Untracked |  0
|  63|0x0000000083f00000, 0x0000000084000000, 0x0000000084000000|100%| O|  |TAMS 0x0000000083f00000| PB 0x0000000083f00000| Untracked |  0
|  64|0x0000000084000000, 0x0000000084100000, 0x0000000084100000|100%| O|  |TAMS 0x0000000084000000| PB 0x0000000084000000| Untracked |  0
|  65|0x0000000084100000, 0x0000000084200000, 0x0000000084200000|100%| O|  |TAMS 0x0000000084100000| PB 0x0000000084100000| Untracked |  0
|  66|0x0000000084200000, 0x0000000084300000, 0x0000000084300000|100%| O|  |TAMS 0x0000000084200000| PB 0x0000000084200000| Untracked |  0
|  67|0x0000000084300000, 0x0000000084400000, 0x0000000084400000|100%| O|  |TAMS 0x0000000084300000| PB 0x0000000084300000| Untracked |  0
|  68|0x0000000084400000, 0x0000000084500000, 0x0000000084500000|100%| O|  |TAMS 0x0000000084400000| PB 0x0000000084400000| Untracked |  0
|  69|0x0000000084500000, 0x0000000084600000, 0x0000000084600000|100%| O|  |TAMS 0x0000000084500000| PB 0x0000000084500000| Untracked |  0
|  70|0x0000000084600000, 0x0000000084700000, 0x0000000084700000|100%| O|  |TAMS 0x0000000084600000| PB 0x0000000084600000| Untracked |  0
|  71|0x0000000084700000, 0x0000000084700000, 0x0000000084800000|  0%| F|  |TAMS 0x0000000084700000| PB 0x0000000084700000| Untracked |  0
|  72|0x0000000084800000, 0x0000000084900000, 0x0000000084900000|100%| O|  |TAMS 0x0000000084800000| PB 0x0000000084800000| Untracked |  0
|  73|0x0000000084900000, 0x0000000084900000, 0x0000000084a00000|  0%| F|  |TAMS 0x0000000084900000| PB 0x0000000084900000| Untracked |  0
|  74|0x0000000084a00000, 0x0000000084b00000, 0x0000000084b00000|100%| O|  |TAMS 0x0000000084a00000| PB 0x0000000084a00000| Untracked |  0
|  75|0x0000000084b00000, 0x0000000084b00000, 0x0000000084c00000|  0%| F|  |TAMS 0x0000000084b00000| PB 0x0000000084b00000| Untracked |  0
|  76|0x0000000084c00000, 0x0000000084d00000, 0x0000000084d00000|100%| O|  |TAMS 0x0000000084c00000| PB 0x0000000084c00000| Untracked |  0
|  77|0x0000000084d00000, 0x0000000084e00000, 0x0000000084e00000|100%| O|  |TAMS 0x0000000084d00000| PB 0x0000000084d00000| Untracked |  0
|  78|0x0000000084e00000, 0x0000000084f00000, 0x0000000084f00000|100%| O|  |TAMS 0x0000000084e00000| PB 0x0000000084e00000| Untracked |  0
|  79|0x0000000084f00000, 0x0000000085000000, 0x0000000085000000|100%| O|  |TAMS 0x0000000084f00000| PB 0x0000000084f00000| Untracked |  0
|  80|0x0000000085000000, 0x0000000085100000, 0x0000000085100000|100%| O|  |TAMS 0x0000000085000000| PB 0x0000000085000000| Untracked |  0
|  81|0x0000000085100000, 0x0000000085200000, 0x0000000085200000|100%| O|  |TAMS 0x0000000085100000| PB 0x0000000085100000| Untracked |  0
|  82|0x0000000085200000, 0x0000000085300000, 0x0000000085300000|100%| O|  |TAMS 0x0000000085200000| PB 0x0000000085200000| Untracked |  0
|  83|0x0000000085300000, 0x0000000085400000, 0x0000000085400000|100%| O|  |TAMS 0x0000000085300000| PB 0x0000000085300000| Untracked |  0
|  84|0x0000000085400000, 0x0000000085500000, 0x0000000085500000|100%| O|  |TAMS 0x0000000085400000| PB 0x0000000085400000| Untracked |  0
|  85|0x0000000085500000, 0x0000000085600000, 0x0000000085600000|100%| O|  |TAMS 0x0000000085500000| PB 0x0000000085500000| Untracked |  0
|  86|0x0000000085600000, 0x0000000085600000, 0x0000000085700000|  0%| F|  |TAMS 0x0000000085600000| PB 0x0000000085600000| Untracked |  0
|  87|0x0000000085700000, 0x0000000085800000, 0x0000000085800000|100%| O|  |TAMS 0x0000000085700000| PB 0x0000000085700000| Untracked |  0
|  88|0x0000000085800000, 0x0000000085900000, 0x0000000085900000|100%| O|  |TAMS 0x0000000085800000| PB 0x0000000085800000| Untracked |  0
|  89|0x0000000085900000, 0x0000000085a00000, 0x0000000085a00000|100%| O|  |TAMS 0x0000000085900000| PB 0x0000000085900000| Untracked |  0
|  90|0x0000000085a00000, 0x0000000085b00000, 0x0000000085b00000|100%| O|  |TAMS 0x0000000085a00000| PB 0x0000000085a00000| Untracked |  0
|  91|0x0000000085b00000, 0x0000000085c00000, 0x0000000085c00000|100%|HS|  |TAMS 0x0000000085b00000| PB 0x0000000085b00000| Complete |  0
|  92|0x0000000085c00000, 0x0000000085d00000, 0x0000000085d00000|100%|HC|  |TAMS 0x0000000085c00000| PB 0x0000000085c00000| Complete |  0
|  93|0x0000000085d00000, 0x0000000085e00000, 0x0000000085e00000|100%|HC|  |TAMS 0x0000000085d00000| PB 0x0000000085d00000| Complete |  0
|  94|0x0000000085e00000, 0x0000000085f00000, 0x0000000085f00000|100%| O|  |TAMS 0x0000000085e00000| PB 0x0000000085e00000| Untracked |  0
|  95|0x0000000085f00000, 0x0000000086000000, 0x0000000086000000|100%| O|  |TAMS 0x0000000085f00000| PB 0x0000000085f00000| Untracked |  0
|  96|0x0000000086000000, 0x0000000086100000, 0x0000000086100000|100%| O|  |TAMS 0x0000000086000000| PB 0x0000000086000000| Untracked |  0
|  97|0x0000000086100000, 0x0000000086200000, 0x0000000086200000|100%| O|  |TAMS 0x0000000086100000| PB 0x0000000086100000| Untracked |  0
|  98|0x0000000086200000, 0x0000000086300000, 0x0000000086300000|100%| O|  |TAMS 0x0000000086200000| PB 0x0000000086200000| Untracked |  0
|  99|0x0000000086300000, 0x0000000086400000, 0x0000000086400000|100%| O|  |TAMS 0x0000000086300000| PB 0x0000000086300000| Untracked |  0
| 100|0x0000000086400000, 0x0000000086500000, 0x0000000086500000|100%| O|  |TAMS 0x0000000086400000| PB 0x0000000086400000| Untracked |  0
| 101|0x0000000086500000, 0x0000000086600000, 0x0000000086600000|100%| O|  |TAMS 0x0000000086500000| PB 0x0000000086500000| Untracked |  0
| 102|0x0000000086600000, 0x0000000086600000, 0x0000000086700000|  0%| F|  |TAMS 0x0000000086600000| PB 0x0000000086600000| Untracked |  0
| 103|0x0000000086700000, 0x0000000086800000, 0x0000000086800000|100%| O|  |TAMS 0x0000000086700000| PB 0x0000000086700000| Untracked |  0
| 104|0x0000000086800000, 0x0000000086900000, 0x0000000086900000|100%| O|  |TAMS 0x0000000086800000| PB 0x0000000086800000| Untracked |  0
| 105|0x0000000086900000, 0x0000000086900000, 0x0000000086a00000|  0%| F|  |TAMS 0x0000000086900000| PB 0x0000000086900000| Untracked |  0
| 106|0x0000000086a00000, 0x0000000086b00000, 0x0000000086b00000|100%| O|  |TAMS 0x0000000086a00000| PB 0x0000000086a00000| Untracked |  0
| 107|0x0000000086b00000, 0x0000000086c00000, 0x0000000086c00000|100%| O|  |TAMS 0x0000000086b00000| PB 0x0000000086b00000| Untracked |  0
| 108|0x0000000086c00000, 0x0000000086d00000, 0x0000000086d00000|100%| O|  |TAMS 0x0000000086c00000| PB 0x0000000086c00000| Untracked |  0
| 109|0x0000000086d00000, 0x0000000086e00000, 0x0000000086e00000|100%| O|  |TAMS 0x0000000086d00000| PB 0x0000000086d00000| Untracked |  0
| 110|0x0000000086e00000, 0x0000000086f00000, 0x0000000086f00000|100%| O|  |TAMS 0x0000000086e00000| PB 0x0000000086e00000| Untracked |  0
| 111|0x0000000086f00000, 0x0000000087000000, 0x0000000087000000|100%| O|  |TAMS 0x0000000086f00000| PB 0x0000000086f00000| Untracked |  0
| 112|0x0000000087000000, 0x0000000087000000, 0x0000000087100000|  0%| F|  |TAMS 0x0000000087000000| PB 0x0000000087000000| Untracked |  0
| 113|0x0000000087100000, 0x0000000087200000, 0x0000000087200000|100%| O|  |TAMS 0x0000000087100000| PB 0x0000000087100000| Untracked |  0
| 114|0x0000000087200000, 0x0000000087300000, 0x0000000087300000|100%| O|  |TAMS 0x0000000087200000| PB 0x0000000087200000| Untracked |  0
| 115|0x0000000087300000, 0x0000000087400000, 0x0000000087400000|100%| O|  |TAMS 0x0000000087300000| PB 0x0000000087300000| Untracked |  0
| 116|0x0000000087400000, 0x0000000087500000, 0x0000000087500000|100%| O|  |TAMS 0x0000000087400000| PB 0x0000000087400000| Untracked |  0
| 117|0x0000000087500000, 0x0000000087600000, 0x0000000087600000|100%| O|  |TAMS 0x0000000087500000| PB 0x0000000087500000| Untracked |  0
| 118|0x0000000087600000, 0x0000000087700000, 0x0000000087700000|100%| O|  |TAMS 0x0000000087600000| PB 0x0000000087600000| Untracked |  0
| 119|0x0000000087700000, 0x0000000087800000, 0x0000000087800000|100%| O|  |TAMS 0x0000000087700000| PB 0x0000000087700000| Untracked |  0
| 120|0x0000000087800000, 0x0000000087900000, 0x0000000087900000|100%| O|  |TAMS 0x0000000087800000| PB 0x0000000087800000| Untracked |  0
| 121|0x0000000087900000, 0x0000000087a00000, 0x0000000087a00000|100%| O|  |TAMS 0x0000000087900000| PB 0x0000000087900000| Untracked |  0
| 122|0x0000000087a00000, 0x0000000087b00000, 0x0000000087b00000|100%| O|  |TAMS 0x0000000087a00000| PB 0x0000000087a00000| Untracked |  0
| 123|0x0000000087b00000, 0x0000000087c00000, 0x0000000087c00000|100%| O|  |TAMS 0x0000000087b00000| PB 0x0000000087b00000| Untracked |  0
| 124|0x0000000087c00000, 0x0000000087d00000, 0x0000000087d00000|100%| O|  |TAMS 0x0000000087c00000| PB 0x0000000087c00000| Untracked |  0
| 125|0x0000000087d00000, 0x0000000087e00000, 0x0000000087e00000|100%| O|  |TAMS 0x0000000087d00000| PB 0x0000000087d00000| Untracked |  0
| 126|0x0000000087e00000, 0x0000000087f00000, 0x0000000087f00000|100%| O|  |TAMS 0x0000000087e00000| PB 0x0000000087e00000| Untracked |  0
| 127|0x0000000087f00000, 0x0000000088000000, 0x0000000088000000|100%| O|  |TAMS 0x0000000087f00000| PB 0x0000000087f00000| Untracked |  0
| 128|0x0000000088000000, 0x0000000088100000, 0x0000000088100000|100%| O|  |TAMS 0x0000000088000000| PB 0x0000000088000000| Untracked |  0
| 129|0x0000000088100000, 0x0000000088200000, 0x0000000088200000|100%| O|  |TAMS 0x0000000088100000| PB 0x0000000088100000| Untracked |  0
| 130|0x0000000088200000, 0x0000000088300000, 0x0000000088300000|100%| O|  |TAMS 0x0000000088200000| PB 0x0000000088200000| Untracked |  0
| 131|0x0000000088300000, 0x0000000088400000, 0x0000000088400000|100%| O|  |TAMS 0x0000000088300000| PB 0x0000000088300000| Untracked |  0
| 132|0x0000000088400000, 0x0000000088400000, 0x0000000088500000|  0%| F|  |TAMS 0x0000000088400000| PB 0x0000000088400000| Untracked |  0
| 133|0x0000000088500000, 0x0000000088500000, 0x0000000088600000|  0%| F|  |TAMS 0x0000000088500000| PB 0x0000000088500000| Untracked |  0
| 134|0x0000000088600000, 0x0000000088600000, 0x0000000088700000|  0%| F|  |TAMS 0x0000000088600000| PB 0x0000000088600000| Untracked |  0
| 135|0x0000000088700000, 0x0000000088700000, 0x0000000088800000|  0%| F|  |TAMS 0x0000000088700000| PB 0x0000000088700000| Untracked |  0
| 136|0x0000000088800000, 0x0000000088800000, 0x0000000088900000|  0%| F|  |TAMS 0x0000000088800000| PB 0x0000000088800000| Untracked |  0
| 137|0x0000000088900000, 0x0000000088900000, 0x0000000088a00000|  0%| F|  |TAMS 0x0000000088900000| PB 0x0000000088900000| Untracked |  0
| 138|0x0000000088a00000, 0x0000000088a00000, 0x0000000088b00000|  0%| F|  |TAMS 0x0000000088a00000| PB 0x0000000088a00000| Untracked |  0
| 139|0x0000000088b00000, 0x0000000088b00000, 0x0000000088c00000|  0%| F|  |TAMS 0x0000000088b00000| PB 0x0000000088b00000| Untracked |  0
| 140|0x0000000088c00000, 0x0000000088c00000, 0x0000000088d00000|  0%| F|  |TAMS 0x0000000088c00000| PB 0x0000000088c00000| Untracked |  0
| 141|0x0000000088d00000, 0x0000000088d00000, 0x0000000088e00000|  0%| F|  |TAMS 0x0000000088d00000| PB 0x0000000088d00000| Untracked |  0
| 142|0x0000000088e00000, 0x0000000088e00000, 0x0000000088f00000|  0%| F|  |TAMS 0x0000000088e00000| PB 0x0000000088e00000| Untracked |  0
| 143|0x0000000088f00000, 0x0000000088f00000, 0x0000000089000000|  0%| F|  |TAMS 0x0000000088f00000| PB 0x0000000088f00000| Untracked |  0
| 144|0x0000000089000000, 0x0000000089000000, 0x0000000089100000|  0%| F|  |TAMS 0x0000000089000000| PB 0x0000000089000000| Untracked |  0
| 145|0x0000000089100000, 0x0000000089100000, 0x0000000089200000|  0%| F|  |TAMS 0x0000000089100000| PB 0x0000000089100000| Untracked |  0
| 146|0x0000000089200000, 0x0000000089200000, 0x0000000089300000|  0%| F|  |TAMS 0x0000000089200000| PB 0x0000000089200000| Untracked |  0
| 147|0x0000000089300000, 0x0000000089400000, 0x0000000089400000|100%| S|CS|TAMS 0x0000000089300000| PB 0x0000000089300000| Complete |  0
| 148|0x0000000089400000, 0x0000000089500000, 0x0000000089500000|100%| S|CS|TAMS 0x0000000089400000| PB 0x0000000089400000| Complete |  0
| 149|0x0000000089500000, 0x0000000089600000, 0x0000000089600000|100%| S|CS|TAMS 0x0000000089500000| PB 0x0000000089500000| Complete |  0
| 150|0x0000000089600000, 0x0000000089700000, 0x0000000089700000|100%| S|CS|TAMS 0x0000000089600000| PB 0x0000000089600000| Complete |  0
| 151|0x0000000089700000, 0x0000000089800000, 0x0000000089800000|100%| S|CS|TAMS 0x0000000089700000| PB 0x0000000089700000| Complete |  0
| 152|0x0000000089800000, 0x0000000089900000, 0x0000000089900000|100%| S|CS|TAMS 0x0000000089800000| PB 0x0000000089800000| Complete |  0
| 153|0x0000000089900000, 0x0000000089a00000, 0x0000000089a00000|100%| S|CS|TAMS 0x0000000089900000| PB 0x0000000089900000| Complete |  0
| 154|0x0000000089a00000, 0x0000000089b00000, 0x0000000089b00000|100%| S|CS|TAMS 0x0000000089a00000| PB 0x0000000089a00000| Complete |  0
| 155|0x0000000089b00000, 0x0000000089c00000, 0x0000000089c00000|100%| S|CS|TAMS 0x0000000089b00000| PB 0x0000000089b00000| Complete |  0
| 156|0x0000000089c00000, 0x0000000089d00000, 0x0000000089d00000|100%| S|CS|TAMS 0x0000000089c00000| PB 0x0000000089c00000| Complete |  0
| 157|0x0000000089d00000, 0x0000000089e00000, 0x0000000089e00000|100%| S|CS|TAMS 0x0000000089d00000| PB 0x0000000089d00000| Complete |  0
| 158|0x0000000089e00000, 0x0000000089e00000, 0x0000000089f00000|  0%| F|  |TAMS 0x0000000089e00000| PB 0x0000000089e00000| Untracked |  0
| 159|0x0000000089f00000, 0x0000000089f00000, 0x000000008a000000|  0%| F|  |TAMS 0x0000000089f00000| PB 0x0000000089f00000| Untracked |  0
| 160|0x000000008a000000, 0x000000008a000000, 0x000000008a100000|  0%| F|  |TAMS 0x000000008a000000| PB 0x000000008a000000| Untracked |  0
| 161|0x000000008a100000, 0x000000008a100000, 0x000000008a200000|  0%| F|  |TAMS 0x000000008a100000| PB 0x000000008a100000| Untracked |  0
| 162|0x000000008a200000, 0x000000008a200000, 0x000000008a300000|  0%| F|  |TAMS 0x000000008a200000| PB 0x000000008a200000| Untracked |  0
| 163|0x000000008a300000, 0x000000008a300000, 0x000000008a400000|  0%| F|  |TAMS 0x000000008a300000| PB 0x000000008a300000| Untracked |  0
| 164|0x000000008a400000, 0x000000008a500000, 0x000000008a500000|100%| S|CS|TAMS 0x000000008a400000| PB 0x000000008a400000| Complete |  0
| 165|0x000000008a500000, 0x000000008a600000, 0x000000008a600000|100%| S|CS|TAMS 0x000000008a500000| PB 0x000000008a500000| Complete |  0
| 166|0x000000008a600000, 0x000000008a700000, 0x000000008a700000|100%| S|CS|TAMS 0x000000008a600000| PB 0x000000008a600000| Complete |  0
| 167|0x000000008a700000, 0x000000008a700000, 0x000000008a800000|  0%| F|  |TAMS 0x000000008a700000| PB 0x000000008a700000| Untracked |  0
| 168|0x000000008a800000, 0x000000008a800000, 0x000000008a900000|  0%| F|  |TAMS 0x000000008a800000| PB 0x000000008a800000| Untracked |  0
| 169|0x000000008a900000, 0x000000008a900000, 0x000000008aa00000|  0%| F|  |TAMS 0x000000008a900000| PB 0x000000008a900000| Untracked |  0
| 170|0x000000008aa00000, 0x000000008ab00000, 0x000000008ab00000|100%| S|CS|TAMS 0x000000008aa00000| PB 0x000000008aa00000| Complete |  0
| 171|0x000000008ab00000, 0x000000008ab00000, 0x000000008ac00000|  0%| F|  |TAMS 0x000000008ab00000| PB 0x000000008ab00000| Untracked |  0
| 172|0x000000008ac00000, 0x000000008ac00000, 0x000000008ad00000|  0%| F|  |TAMS 0x000000008ac00000| PB 0x000000008ac00000| Untracked |  0
| 173|0x000000008ad00000, 0x000000008ad00000, 0x000000008ae00000|  0%| F|  |TAMS 0x000000008ad00000| PB 0x000000008ad00000| Untracked |  0
| 174|0x000000008ae00000, 0x000000008ae00000, 0x000000008af00000|  0%| F|  |TAMS 0x000000008ae00000| PB 0x000000008ae00000| Untracked |  0
| 175|0x000000008af00000, 0x000000008af00000, 0x000000008b000000|  0%| F|  |TAMS 0x000000008af00000| PB 0x000000008af00000| Untracked |  0
| 176|0x000000008b000000, 0x000000008b000000, 0x000000008b100000|  0%| F|  |TAMS 0x000000008b000000| PB 0x000000008b000000| Untracked |  0
| 177|0x000000008b100000, 0x000000008b200000, 0x000000008b200000|100%| S|CS|TAMS 0x000000008b100000| PB 0x000000008b100000| Complete |  0
| 178|0x000000008b200000, 0x000000008b200000, 0x000000008b300000|  0%| F|  |TAMS 0x000000008b200000| PB 0x000000008b200000| Untracked |  0
| 179|0x000000008b300000, 0x000000008b300000, 0x000000008b400000|  0%| F|  |TAMS 0x000000008b300000| PB 0x000000008b300000| Untracked |  0
| 180|0x000000008b400000, 0x000000008b500000, 0x000000008b500000|100%| O|Cr|TAMS 0x000000008b400000| PB 0x000000008b400000| Complete |  2
| 181|0x000000008b500000, 0x000000008b500000, 0x000000008b600000|  0%| F|  |TAMS 0x000000008b500000| PB 0x000000008b500000| Untracked |  0
| 182|0x000000008b600000, 0x000000008b600000, 0x000000008b700000|  0%| F|  |TAMS 0x000000008b600000| PB 0x000000008b600000| Untracked |  0
| 183|0x000000008b700000, 0x000000008b700000, 0x000000008b800000|  0%| F|  |TAMS 0x000000008b700000| PB 0x000000008b700000| Untracked |  0
| 184|0x000000008b800000, 0x000000008b800000, 0x000000008b900000|  0%| F|  |TAMS 0x000000008b800000| PB 0x000000008b800000| Untracked |  0
| 185|0x000000008b900000, 0x000000008b900000, 0x000000008ba00000|  0%| F|  |TAMS 0x000000008b900000| PB 0x000000008b900000| Untracked |  0
| 186|0x000000008ba00000, 0x000000008ba00000, 0x000000008bb00000|  0%| F|  |TAMS 0x000000008ba00000| PB 0x000000008ba00000| Untracked |  0
| 187|0x000000008bb00000, 0x000000008bb00000, 0x000000008bc00000|  0%| F|  |TAMS 0x000000008bb00000| PB 0x000000008bb00000| Untracked |  0
| 188|0x000000008bc00000, 0x000000008bc00000, 0x000000008bd00000|  0%| F|  |TAMS 0x000000008bc00000| PB 0x000000008bc00000| Untracked |  0
| 189|0x000000008bd00000, 0x000000008bd00000, 0x000000008be00000|  0%| F|  |TAMS 0x000000008bd00000| PB 0x000000008bd00000| Untracked |  0
| 190|0x000000008be00000, 0x000000008be00000, 0x000000008bf00000|  0%| F|  |TAMS 0x000000008be00000| PB 0x000000008be00000| Untracked |  0
| 191|0x000000008bf00000, 0x000000008bf00000, 0x000000008c000000|  0%| F|  |TAMS 0x000000008bf00000| PB 0x000000008bf00000| Untracked |  0
| 192|0x000000008c000000, 0x000000008c000000, 0x000000008c100000|  0%| F|  |TAMS 0x000000008c000000| PB 0x000000008c000000| Untracked |  0
| 193|0x000000008c100000, 0x000000008c100000, 0x000000008c200000|  0%| F|  |TAMS 0x000000008c100000| PB 0x000000008c100000| Untracked |  0
| 194|0x000000008c200000, 0x000000008c200000, 0x000000008c300000|  0%| F|  |TAMS 0x000000008c200000| PB 0x000000008c200000| Untracked |  0
| 195|0x000000008c300000, 0x000000008c300000, 0x000000008c400000|  0%| F|  |TAMS 0x000000008c300000| PB 0x000000008c300000| Untracked |  0
| 196|0x000000008c400000, 0x000000008c400000, 0x000000008c500000|  0%| F|  |TAMS 0x000000008c400000| PB 0x000000008c400000| Untracked |  0
| 197|0x000000008c500000, 0x000000008c500000, 0x000000008c600000|  0%| F|  |TAMS 0x000000008c500000| PB 0x000000008c500000| Untracked |  0
| 198|0x000000008c600000, 0x000000008c600000, 0x000000008c700000|  0%| F|  |TAMS 0x000000008c600000| PB 0x000000008c600000| Untracked |  0
| 199|0x000000008c700000, 0x000000008c700000, 0x000000008c800000|  0%| F|  |TAMS 0x000000008c700000| PB 0x000000008c700000| Untracked |  0
| 200|0x000000008c800000, 0x000000008c800000, 0x000000008c900000|  0%| F|  |TAMS 0x000000008c800000| PB 0x000000008c800000| Untracked |  0
| 201|0x000000008c900000, 0x000000008c900000, 0x000000008ca00000|  0%| F|  |TAMS 0x000000008c900000| PB 0x000000008c900000| Untracked |  0
| 202|0x000000008ca00000, 0x000000008ca00000, 0x000000008cb00000|  0%| F|  |TAMS 0x000000008ca00000| PB 0x000000008ca00000| Untracked |  0
| 203|0x000000008cb00000, 0x000000008cb00000, 0x000000008cc00000|  0%| F|  |TAMS 0x000000008cb00000| PB 0x000000008cb00000| Untracked |  0
| 204|0x000000008cc00000, 0x000000008cc00000, 0x000000008cd00000|  0%| F|  |TAMS 0x000000008cc00000| PB 0x000000008cc00000| Untracked |  0
| 205|0x000000008cd00000, 0x000000008cd00000, 0x000000008ce00000|  0%| F|  |TAMS 0x000000008cd00000| PB 0x000000008cd00000| Untracked |  0
| 206|0x000000008ce00000, 0x000000008ce00000, 0x000000008cf00000|  0%| F|  |TAMS 0x000000008ce00000| PB 0x000000008ce00000| Untracked |  0
| 207|0x000000008cf00000, 0x000000008cf00000, 0x000000008d000000|  0%| F|  |TAMS 0x000000008cf00000| PB 0x000000008cf00000| Untracked |  0
| 208|0x000000008d000000, 0x000000008d000000, 0x000000008d100000|  0%| F|  |TAMS 0x000000008d000000| PB 0x000000008d000000| Untracked |  0
| 209|0x000000008d100000, 0x000000008d100000, 0x000000008d200000|  0%| F|  |TAMS 0x000000008d100000| PB 0x000000008d100000| Untracked |  0
| 210|0x000000008d200000, 0x000000008d200000, 0x000000008d300000|  0%| F|  |TAMS 0x000000008d200000| PB 0x000000008d200000| Untracked |  0
| 211|0x000000008d300000, 0x000000008d300000, 0x000000008d400000|  0%| F|  |TAMS 0x000000008d300000| PB 0x000000008d300000| Untracked |  0
| 212|0x000000008d400000, 0x000000008d400000, 0x000000008d500000|  0%| F|  |TAMS 0x000000008d400000| PB 0x000000008d400000| Untracked |  0
| 213|0x000000008d500000, 0x000000008d500000, 0x000000008d600000|  0%| F|  |TAMS 0x000000008d500000| PB 0x000000008d500000| Untracked |  0
| 214|0x000000008d600000, 0x000000008d600000, 0x000000008d700000|  0%| F|  |TAMS 0x000000008d600000| PB 0x000000008d600000| Untracked |  0
| 215|0x000000008d700000, 0x000000008d700000, 0x000000008d800000|  0%| F|  |TAMS 0x000000008d700000| PB 0x000000008d700000| Untracked |  0
| 216|0x000000008d800000, 0x000000008d800000, 0x000000008d900000|  0%| F|  |TAMS 0x000000008d800000| PB 0x000000008d800000| Untracked |  0
| 217|0x000000008d900000, 0x000000008d900000, 0x000000008da00000|  0%| F|  |TAMS 0x000000008d900000| PB 0x000000008d900000| Untracked |  0
| 218|0x000000008da00000, 0x000000008da00000, 0x000000008db00000|  0%| F|  |TAMS 0x000000008da00000| PB 0x000000008da00000| Untracked |  0
| 219|0x000000008db00000, 0x000000008db00000, 0x000000008dc00000|  0%| F|  |TAMS 0x000000008db00000| PB 0x000000008db00000| Untracked |  0
| 220|0x000000008dc00000, 0x000000008dc00000, 0x000000008dd00000|  0%| F|  |TAMS 0x000000008dc00000| PB 0x000000008dc00000| Untracked |  0
| 221|0x000000008dd00000, 0x000000008dd00000, 0x000000008de00000|  0%| F|  |TAMS 0x000000008dd00000| PB 0x000000008dd00000| Untracked |  0
| 222|0x000000008de00000, 0x000000008de00000, 0x000000008df00000|  0%| F|  |TAMS 0x000000008de00000| PB 0x000000008de00000| Untracked |  0
| 223|0x000000008df00000, 0x000000008df00000, 0x000000008e000000|  0%| F|  |TAMS 0x000000008df00000| PB 0x000000008df00000| Untracked |  0
| 224|0x000000008e000000, 0x000000008e000000, 0x000000008e100000|  0%| F|  |TAMS 0x000000008e000000| PB 0x000000008e000000| Untracked |  0
| 225|0x000000008e100000, 0x000000008e100000, 0x000000008e200000|  0%| F|  |TAMS 0x000000008e100000| PB 0x000000008e100000| Untracked |  0
| 226|0x000000008e200000, 0x000000008e200000, 0x000000008e300000|  0%| F|  |TAMS 0x000000008e200000| PB 0x000000008e200000| Untracked |  0
| 227|0x000000008e300000, 0x000000008e300000, 0x000000008e400000|  0%| F|  |TAMS 0x000000008e300000| PB 0x000000008e300000| Untracked |  0
| 228|0x000000008e400000, 0x000000008e400000, 0x000000008e500000|  0%| F|  |TAMS 0x000000008e400000| PB 0x000000008e400000| Untracked |  0
| 229|0x000000008e500000, 0x000000008e500000, 0x000000008e600000|  0%| F|  |TAMS 0x000000008e500000| PB 0x000000008e500000| Untracked |  0
| 230|0x000000008e600000, 0x000000008e600000, 0x000000008e700000|  0%| F|  |TAMS 0x000000008e600000| PB 0x000000008e600000| Untracked |  0
| 231|0x000000008e700000, 0x000000008e700000, 0x000000008e800000|  0%| F|  |TAMS 0x000000008e700000| PB 0x000000008e700000| Untracked |  0
| 232|0x000000008e800000, 0x000000008e800000, 0x000000008e900000|  0%| F|  |TAMS 0x000000008e800000| PB 0x000000008e800000| Untracked |  0
| 233|0x000000008e900000, 0x000000008e900000, 0x000000008ea00000|  0%| F|  |TAMS 0x000000008e900000| PB 0x000000008e900000| Untracked |  0
| 234|0x000000008ea00000, 0x000000008ea00000, 0x000000008eb00000|  0%| F|  |TAMS 0x000000008ea00000| PB 0x000000008ea00000| Untracked |  0
| 235|0x000000008eb00000, 0x000000008eb00000, 0x000000008ec00000|  0%| F|  |TAMS 0x000000008eb00000| PB 0x000000008eb00000| Untracked |  0
| 236|0x000000008ec00000, 0x000000008ec00000, 0x000000008ed00000|  0%| F|  |TAMS 0x000000008ec00000| PB 0x000000008ec00000| Untracked |  0
| 237|0x000000008ed00000, 0x000000008ed00000, 0x000000008ee00000|  0%| F|  |TAMS 0x000000008ed00000| PB 0x000000008ed00000| Untracked |  0
| 238|0x000000008ee00000, 0x000000008ee00000, 0x000000008ef00000|  0%| F|  |TAMS 0x000000008ee00000| PB 0x000000008ee00000| Untracked |  0
| 239|0x000000008ef00000, 0x000000008ef00000, 0x000000008f000000|  0%| F|  |TAMS 0x000000008ef00000| PB 0x000000008ef00000| Untracked |  0
| 240|0x000000008f000000, 0x000000008f000000, 0x000000008f100000|  0%| F|  |TAMS 0x000000008f000000| PB 0x000000008f000000| Untracked |  0
| 241|0x000000008f100000, 0x000000008f100000, 0x000000008f200000|  0%| F|  |TAMS 0x000000008f100000| PB 0x000000008f100000| Untracked |  0
| 242|0x000000008f200000, 0x000000008f200000, 0x000000008f300000|  0%| F|  |TAMS 0x000000008f200000| PB 0x000000008f200000| Untracked |  0
| 243|0x000000008f300000, 0x000000008f300000, 0x000000008f400000|  0%| F|  |TAMS 0x000000008f300000| PB 0x000000008f300000| Untracked |  0
| 244|0x000000008f400000, 0x000000008f400000, 0x000000008f500000|  0%| F|  |TAMS 0x000000008f400000| PB 0x000000008f400000| Untracked |  0
| 245|0x000000008f500000, 0x000000008f500000, 0x000000008f600000|  0%| F|  |TAMS 0x000000008f500000| PB 0x000000008f500000| Untracked |  0
| 246|0x000000008f600000, 0x000000008f600000, 0x000000008f700000|  0%| F|  |TAMS 0x000000008f600000| PB 0x000000008f600000| Untracked |  0
| 247|0x000000008f700000, 0x000000008f700000, 0x000000008f800000|  0%| F|  |TAMS 0x000000008f700000| PB 0x000000008f700000| Untracked |  0
| 248|0x000000008f800000, 0x000000008f800000, 0x000000008f900000|  0%| F|  |TAMS 0x000000008f800000| PB 0x000000008f800000| Untracked |  0
| 249|0x000000008f900000, 0x000000008f900000, 0x000000008fa00000|  0%| F|  |TAMS 0x000000008f900000| PB 0x000000008f900000| Untracked |  0
| 250|0x000000008fa00000, 0x000000008fa00000, 0x000000008fb00000|  0%| F|  |TAMS 0x000000008fa00000| PB 0x000000008fa00000| Untracked |  0
| 251|0x000000008fb00000, 0x000000008fb00000, 0x000000008fc00000|  0%| F|  |TAMS 0x000000008fb00000| PB 0x000000008fb00000| Untracked |  0
| 252|0x000000008fc00000, 0x000000008fc00000, 0x000000008fd00000|  0%| F|  |TAMS 0x000000008fc00000| PB 0x000000008fc00000| Untracked |  0
| 253|0x000000008fd00000, 0x000000008fd00000, 0x000000008fe00000|  0%| F|  |TAMS 0x000000008fd00000| PB 0x000000008fd00000| Untracked |  0
| 254|0x000000008fe00000, 0x000000008fe00000, 0x000000008ff00000|  0%| F|  |TAMS 0x000000008fe00000| PB 0x000000008fe00000| Untracked |  0
| 255|0x000000008ff00000, 0x000000008ff00000, 0x0000000090000000|  0%| F|  |TAMS 0x000000008ff00000| PB 0x000000008ff00000| Untracked |  0
| 256|0x0000000090000000, 0x0000000090000000, 0x0000000090100000|  0%| F|  |TAMS 0x0000000090000000| PB 0x0000000090000000| Untracked |  0
| 257|0x0000000090100000, 0x0000000090100000, 0x0000000090200000|  0%| F|  |TAMS 0x0000000090100000| PB 0x0000000090100000| Untracked |  0
| 258|0x0000000090200000, 0x0000000090200000, 0x0000000090300000|  0%| F|  |TAMS 0x0000000090200000| PB 0x0000000090200000| Untracked |  0
| 259|0x0000000090300000, 0x0000000090300000, 0x0000000090400000|  0%| F|  |TAMS 0x0000000090300000| PB 0x0000000090300000| Untracked |  0
| 260|0x0000000090400000, 0x0000000090400000, 0x0000000090500000|  0%| F|  |TAMS 0x0000000090400000| PB 0x0000000090400000| Untracked |  0
| 261|0x0000000090500000, 0x0000000090500000, 0x0000000090600000|  0%| F|  |TAMS 0x0000000090500000| PB 0x0000000090500000| Untracked |  0
| 262|0x0000000090600000, 0x0000000090600000, 0x0000000090700000|  0%| F|  |TAMS 0x0000000090600000| PB 0x0000000090600000| Untracked |  0
| 263|0x0000000090700000, 0x0000000090700000, 0x0000000090800000|  0%| F|  |TAMS 0x0000000090700000| PB 0x0000000090700000| Untracked |  0
| 264|0x0000000090800000, 0x0000000090800000, 0x0000000090900000|  0%| F|  |TAMS 0x0000000090800000| PB 0x0000000090800000| Untracked |  0
| 265|0x0000000090900000, 0x0000000090900000, 0x0000000090a00000|  0%| F|  |TAMS 0x0000000090900000| PB 0x0000000090900000| Untracked |  0
| 266|0x0000000090a00000, 0x0000000090a00000, 0x0000000090b00000|  0%| F|  |TAMS 0x0000000090a00000| PB 0x0000000090a00000| Untracked |  0
| 267|0x0000000090b00000, 0x0000000090b00000, 0x0000000090c00000|  0%| F|  |TAMS 0x0000000090b00000| PB 0x0000000090b00000| Untracked |  0
| 268|0x0000000090c00000, 0x0000000090c00000, 0x0000000090d00000|  0%| F|  |TAMS 0x0000000090c00000| PB 0x0000000090c00000| Untracked |  0
| 269|0x0000000090d00000, 0x0000000090d00000, 0x0000000090e00000|  0%| F|  |TAMS 0x0000000090d00000| PB 0x0000000090d00000| Untracked |  0
| 270|0x0000000090e00000, 0x0000000090e00000, 0x0000000090f00000|  0%| F|  |TAMS 0x0000000090e00000| PB 0x0000000090e00000| Untracked |  0
| 271|0x0000000090f00000, 0x0000000090f00000, 0x0000000091000000|  0%| F|  |TAMS 0x0000000090f00000| PB 0x0000000090f00000| Untracked |  0
| 272|0x0000000091000000, 0x0000000091000000, 0x0000000091100000|  0%| F|  |TAMS 0x0000000091000000| PB 0x0000000091000000| Untracked |  0
| 273|0x0000000091100000, 0x0000000091100000, 0x0000000091200000|  0%| F|  |TAMS 0x0000000091100000| PB 0x0000000091100000| Untracked |  0
| 274|0x0000000091200000, 0x0000000091200000, 0x0000000091300000|  0%| F|  |TAMS 0x0000000091200000| PB 0x0000000091200000| Untracked |  0
| 275|0x0000000091300000, 0x0000000091300000, 0x0000000091400000|  0%| F|  |TAMS 0x0000000091300000| PB 0x0000000091300000| Untracked |  0
| 276|0x0000000091400000, 0x0000000091400000, 0x0000000091500000|  0%| F|  |TAMS 0x0000000091400000| PB 0x0000000091400000| Untracked |  0
| 277|0x0000000091500000, 0x0000000091500000, 0x0000000091600000|  0%| F|  |TAMS 0x0000000091500000| PB 0x0000000091500000| Untracked |  0
| 278|0x0000000091600000, 0x0000000091600000, 0x0000000091700000|  0%| F|  |TAMS 0x0000000091600000| PB 0x0000000091600000| Untracked |  0
| 279|0x0000000091700000, 0x0000000091700000, 0x0000000091800000|  0%| F|  |TAMS 0x0000000091700000| PB 0x0000000091700000| Untracked |  0
| 280|0x0000000091800000, 0x0000000091800000, 0x0000000091900000|  0%| F|  |TAMS 0x0000000091800000| PB 0x0000000091800000| Untracked |  0
| 281|0x0000000091900000, 0x0000000091900000, 0x0000000091a00000|  0%| F|  |TAMS 0x0000000091900000| PB 0x0000000091900000| Untracked |  0
| 282|0x0000000091a00000, 0x0000000091a00000, 0x0000000091b00000|  0%| F|  |TAMS 0x0000000091a00000| PB 0x0000000091a00000| Untracked |  0
| 283|0x0000000091b00000, 0x0000000091b00000, 0x0000000091c00000|  0%| F|  |TAMS 0x0000000091b00000| PB 0x0000000091b00000| Untracked |  0
| 284|0x0000000091c00000, 0x0000000091c00000, 0x0000000091d00000|  0%| F|  |TAMS 0x0000000091c00000| PB 0x0000000091c00000| Untracked |  0
| 285|0x0000000091d00000, 0x0000000091d00000, 0x0000000091e00000|  0%| F|  |TAMS 0x0000000091d00000| PB 0x0000000091d00000| Untracked |  0
| 286|0x0000000091e00000, 0x0000000091e00000, 0x0000000091f00000|  0%| F|  |TAMS 0x0000000091e00000| PB 0x0000000091e00000| Untracked |  0
| 287|0x0000000091f00000, 0x0000000091f00000, 0x0000000092000000|  0%| F|  |TAMS 0x0000000091f00000| PB 0x0000000091f00000| Untracked |  0
| 288|0x0000000092000000, 0x0000000092000000, 0x0000000092100000|  0%| F|  |TAMS 0x0000000092000000| PB 0x0000000092000000| Untracked |  0
| 289|0x0000000092100000, 0x0000000092100000, 0x0000000092200000|  0%| F|  |TAMS 0x0000000092100000| PB 0x0000000092100000| Untracked |  0
| 290|0x0000000092200000, 0x0000000092200000, 0x0000000092300000|  0%| F|  |TAMS 0x0000000092200000| PB 0x0000000092200000| Untracked |  0
| 291|0x0000000092300000, 0x0000000092300000, 0x0000000092400000|  0%| F|  |TAMS 0x0000000092300000| PB 0x0000000092300000| Untracked |  0
| 292|0x0000000092400000, 0x0000000092400000, 0x0000000092500000|  0%| F|  |TAMS 0x0000000092400000| PB 0x0000000092400000| Untracked |  0
| 293|0x0000000092500000, 0x0000000092500000, 0x0000000092600000|  0%| F|  |TAMS 0x0000000092500000| PB 0x0000000092500000| Untracked |  0
| 294|0x0000000092600000, 0x0000000092600000, 0x0000000092700000|  0%| F|  |TAMS 0x0000000092600000| PB 0x0000000092600000| Untracked |  0
| 295|0x0000000092700000, 0x0000000092700000, 0x0000000092800000|  0%| F|  |TAMS 0x0000000092700000| PB 0x0000000092700000| Untracked |  0
| 296|0x0000000092800000, 0x0000000092800000, 0x0000000092900000|  0%| F|  |TAMS 0x0000000092800000| PB 0x0000000092800000| Untracked |  0
| 297|0x0000000092900000, 0x0000000092900000, 0x0000000092a00000|  0%| F|  |TAMS 0x0000000092900000| PB 0x0000000092900000| Untracked |  0
| 298|0x0000000092a00000, 0x0000000092a00000, 0x0000000092b00000|  0%| F|  |TAMS 0x0000000092a00000| PB 0x0000000092a00000| Untracked |  0
| 299|0x0000000092b00000, 0x0000000092b00000, 0x0000000092c00000|  0%| F|  |TAMS 0x0000000092b00000| PB 0x0000000092b00000| Untracked |  0
| 300|0x0000000092c00000, 0x0000000092c00000, 0x0000000092d00000|  0%| F|  |TAMS 0x0000000092c00000| PB 0x0000000092c00000| Untracked |  0
| 301|0x0000000092d00000, 0x0000000092d00000, 0x0000000092e00000|  0%| F|  |TAMS 0x0000000092d00000| PB 0x0000000092d00000| Untracked |  0
| 302|0x0000000092e00000, 0x0000000092e00000, 0x0000000092f00000|  0%| F|  |TAMS 0x0000000092e00000| PB 0x0000000092e00000| Untracked |  0
| 303|0x0000000092f00000, 0x0000000092f00000, 0x0000000093000000|  0%| F|  |TAMS 0x0000000092f00000| PB 0x0000000092f00000| Untracked |  0
| 304|0x0000000093000000, 0x0000000093000000, 0x0000000093100000|  0%| F|  |TAMS 0x0000000093000000| PB 0x0000000093000000| Untracked |  0
| 305|0x0000000093100000, 0x0000000093100000, 0x0000000093200000|  0%| F|  |TAMS 0x0000000093100000| PB 0x0000000093100000| Untracked |  0
| 306|0x0000000093200000, 0x0000000093200000, 0x0000000093300000|  0%| F|  |TAMS 0x0000000093200000| PB 0x0000000093200000| Untracked |  0
| 307|0x0000000093300000, 0x0000000093300000, 0x0000000093400000|  0%| F|  |TAMS 0x0000000093300000| PB 0x0000000093300000| Untracked |  0
| 308|0x0000000093400000, 0x0000000093400000, 0x0000000093500000|  0%| F|  |TAMS 0x0000000093400000| PB 0x0000000093400000| Untracked |  0
| 309|0x0000000093500000, 0x0000000093500000, 0x0000000093600000|  0%| F|  |TAMS 0x0000000093500000| PB 0x0000000093500000| Untracked |  0
| 310|0x0000000093600000, 0x0000000093600000, 0x0000000093700000|  0%| F|  |TAMS 0x0000000093600000| PB 0x0000000093600000| Untracked |  0
| 311|0x0000000093700000, 0x0000000093700000, 0x0000000093800000|  0%| F|  |TAMS 0x0000000093700000| PB 0x0000000093700000| Untracked |  0
| 312|0x0000000093800000, 0x0000000093800000, 0x0000000093900000|  0%| F|  |TAMS 0x0000000093800000| PB 0x0000000093800000| Untracked |  0
| 313|0x0000000093900000, 0x0000000093900000, 0x0000000093a00000|  0%| F|  |TAMS 0x0000000093900000| PB 0x0000000093900000| Untracked |  0
| 314|0x0000000093a00000, 0x0000000093a00000, 0x0000000093b00000|  0%| F|  |TAMS 0x0000000093a00000| PB 0x0000000093a00000| Untracked |  0
| 315|0x0000000093b00000, 0x0000000093b00000, 0x0000000093c00000|  0%| F|  |TAMS 0x0000000093b00000| PB 0x0000000093b00000| Untracked |  0
| 316|0x0000000093c00000, 0x0000000093c00000, 0x0000000093d00000|  0%| F|  |TAMS 0x0000000093c00000| PB 0x0000000093c00000| Untracked |  0
| 317|0x0000000093d00000, 0x0000000093d00000, 0x0000000093e00000|  0%| F|  |TAMS 0x0000000093d00000| PB 0x0000000093d00000| Untracked |  0
| 318|0x0000000093e00000, 0x0000000093e00000, 0x0000000093f00000|  0%| F|  |TAMS 0x0000000093e00000| PB 0x0000000093e00000| Untracked |  0
| 319|0x0000000093f00000, 0x0000000093f00000, 0x0000000094000000|  0%| F|  |TAMS 0x0000000093f00000| PB 0x0000000093f00000| Untracked |  0
| 320|0x0000000094000000, 0x0000000094000000, 0x0000000094100000|  0%| F|  |TAMS 0x0000000094000000| PB 0x0000000094000000| Untracked |  0
| 321|0x0000000094100000, 0x0000000094100000, 0x0000000094200000|  0%| F|  |TAMS 0x0000000094100000| PB 0x0000000094100000| Untracked |  0
| 322|0x0000000094200000, 0x0000000094200000, 0x0000000094300000|  0%| F|  |TAMS 0x0000000094200000| PB 0x0000000094200000| Untracked |  0
| 323|0x0000000094300000, 0x0000000094300000, 0x0000000094400000|  0%| F|  |TAMS 0x0000000094300000| PB 0x0000000094300000| Untracked |  0
| 324|0x0000000094400000, 0x0000000094400000, 0x0000000094500000|  0%| F|  |TAMS 0x0000000094400000| PB 0x0000000094400000| Untracked |  0
| 325|0x0000000094500000, 0x0000000094500000, 0x0000000094600000|  0%| F|  |TAMS 0x0000000094500000| PB 0x0000000094500000| Untracked |  0
| 326|0x0000000094600000, 0x0000000094600000, 0x0000000094700000|  0%| F|  |TAMS 0x0000000094600000| PB 0x0000000094600000| Untracked |  0
| 327|0x0000000094700000, 0x0000000094700000, 0x0000000094800000|  0%| F|  |TAMS 0x0000000094700000| PB 0x0000000094700000| Untracked |  0
| 328|0x0000000094800000, 0x0000000094800000, 0x0000000094900000|  0%| F|  |TAMS 0x0000000094800000| PB 0x0000000094800000| Untracked |  0
| 329|0x0000000094900000, 0x0000000094900000, 0x0000000094a00000|  0%| F|  |TAMS 0x0000000094900000| PB 0x0000000094900000| Untracked |  0
| 330|0x0000000094a00000, 0x0000000094a00000, 0x0000000094b00000|  0%| F|  |TAMS 0x0000000094a00000| PB 0x0000000094a00000| Untracked |  0
| 331|0x0000000094b00000, 0x0000000094b00000, 0x0000000094c00000|  0%| F|  |TAMS 0x0000000094b00000| PB 0x0000000094b00000| Untracked |  0
| 332|0x0000000094c00000, 0x0000000094c00000, 0x0000000094d00000|  0%| F|  |TAMS 0x0000000094c00000| PB 0x0000000094c00000| Untracked |  0
| 333|0x0000000094d00000, 0x0000000094d00000, 0x0000000094e00000|  0%| F|  |TAMS 0x0000000094d00000| PB 0x0000000094d00000| Untracked |  0
| 334|0x0000000094e00000, 0x0000000094e00000, 0x0000000094f00000|  0%| F|  |TAMS 0x0000000094e00000| PB 0x0000000094e00000| Untracked |  0
| 335|0x0000000094f00000, 0x0000000094f00000, 0x0000000095000000|  0%| F|  |TAMS 0x0000000094f00000| PB 0x0000000094f00000| Untracked |  0
| 336|0x0000000095000000, 0x0000000095000000, 0x0000000095100000|  0%| F|  |TAMS 0x0000000095000000| PB 0x0000000095000000| Untracked |  0
| 337|0x0000000095100000, 0x0000000095100000, 0x0000000095200000|  0%| F|  |TAMS 0x0000000095100000| PB 0x0000000095100000| Untracked |  0
| 338|0x0000000095200000, 0x0000000095200000, 0x0000000095300000|  0%| F|  |TAMS 0x0000000095200000| PB 0x0000000095200000| Untracked |  0
| 339|0x0000000095300000, 0x0000000095300000, 0x0000000095400000|  0%| F|  |TAMS 0x0000000095300000| PB 0x0000000095300000| Untracked |  0
| 340|0x0000000095400000, 0x0000000095400000, 0x0000000095500000|  0%| F|  |TAMS 0x0000000095400000| PB 0x0000000095400000| Untracked |  0
| 341|0x0000000095500000, 0x0000000095500000, 0x0000000095600000|  0%| F|  |TAMS 0x0000000095500000| PB 0x0000000095500000| Untracked |  0
| 342|0x0000000095600000, 0x0000000095600000, 0x0000000095700000|  0%| F|  |TAMS 0x0000000095600000| PB 0x0000000095600000| Untracked |  0
| 343|0x0000000095700000, 0x0000000095700000, 0x0000000095800000|  0%| F|  |TAMS 0x0000000095700000| PB 0x0000000095700000| Untracked |  0
| 344|0x0000000095800000, 0x0000000095800000, 0x0000000095900000|  0%| F|  |TAMS 0x0000000095800000| PB 0x0000000095800000| Untracked |  0
| 345|0x0000000095900000, 0x0000000095900000, 0x0000000095a00000|  0%| F|  |TAMS 0x0000000095900000| PB 0x0000000095900000| Untracked |  0
| 346|0x0000000095a00000, 0x0000000095a00000, 0x0000000095b00000|  0%| F|  |TAMS 0x0000000095a00000| PB 0x0000000095a00000| Untracked |  0
| 347|0x0000000095b00000, 0x0000000095b00000, 0x0000000095c00000|  0%| F|  |TAMS 0x0000000095b00000| PB 0x0000000095b00000| Untracked |  0
| 348|0x0000000095c00000, 0x0000000095c00000, 0x0000000095d00000|  0%| F|  |TAMS 0x0000000095c00000| PB 0x0000000095c00000| Untracked |  0
| 349|0x0000000095d00000, 0x0000000095d00000, 0x0000000095e00000|  0%| F|  |TAMS 0x0000000095d00000| PB 0x0000000095d00000| Untracked |  0
| 350|0x0000000095e00000, 0x0000000095e00000, 0x0000000095f00000|  0%| F|  |TAMS 0x0000000095e00000| PB 0x0000000095e00000| Untracked |  0
| 351|0x0000000095f00000, 0x0000000095f00000, 0x0000000096000000|  0%| F|  |TAMS 0x0000000095f00000| PB 0x0000000095f00000| Untracked |  0
| 352|0x0000000096000000, 0x0000000096000000, 0x0000000096100000|  0%| F|  |TAMS 0x0000000096000000| PB 0x0000000096000000| Untracked |  0
| 353|0x0000000096100000, 0x0000000096100000, 0x0000000096200000|  0%| F|  |TAMS 0x0000000096100000| PB 0x0000000096100000| Untracked |  0
| 354|0x0000000096200000, 0x0000000096200000, 0x0000000096300000|  0%| F|  |TAMS 0x0000000096200000| PB 0x0000000096200000| Untracked |  0
| 355|0x0000000096300000, 0x0000000096300000, 0x0000000096400000|  0%| F|  |TAMS 0x0000000096300000| PB 0x0000000096300000| Untracked |  0
| 356|0x0000000096400000, 0x0000000096400000, 0x0000000096500000|  0%| F|  |TAMS 0x0000000096400000| PB 0x0000000096400000| Untracked |  0
| 357|0x0000000096500000, 0x0000000096500000, 0x0000000096600000|  0%| F|  |TAMS 0x0000000096500000| PB 0x0000000096500000| Untracked |  0
| 358|0x0000000096600000, 0x0000000096600000, 0x0000000096700000|  0%| F|  |TAMS 0x0000000096600000| PB 0x0000000096600000| Untracked |  0
| 359|0x0000000096700000, 0x0000000096700000, 0x0000000096800000|  0%| F|  |TAMS 0x0000000096700000| PB 0x0000000096700000| Untracked |  0
| 360|0x0000000096800000, 0x0000000096800000, 0x0000000096900000|  0%| F|  |TAMS 0x0000000096800000| PB 0x0000000096800000| Untracked |  0
| 361|0x0000000096900000, 0x0000000096900000, 0x0000000096a00000|  0%| F|  |TAMS 0x0000000096900000| PB 0x0000000096900000| Untracked |  0
| 362|0x0000000096a00000, 0x0000000096a00000, 0x0000000096b00000|  0%| F|  |TAMS 0x0000000096a00000| PB 0x0000000096a00000| Untracked |  0
| 363|0x0000000096b00000, 0x0000000096b00000, 0x0000000096c00000|  0%| F|  |TAMS 0x0000000096b00000| PB 0x0000000096b00000| Untracked |  0
| 364|0x0000000096c00000, 0x0000000096c00000, 0x0000000096d00000|  0%| F|  |TAMS 0x0000000096c00000| PB 0x0000000096c00000| Untracked |  0
| 365|0x0000000096d00000, 0x0000000096d00000, 0x0000000096e00000|  0%| F|  |TAMS 0x0000000096d00000| PB 0x0000000096d00000| Untracked |  0
| 366|0x0000000096e00000, 0x0000000096e00000, 0x0000000096f00000|  0%| F|  |TAMS 0x0000000096e00000| PB 0x0000000096e00000| Untracked |  0
| 367|0x0000000096f00000, 0x0000000096f00000, 0x0000000097000000|  0%| F|  |TAMS 0x0000000096f00000| PB 0x0000000096f00000| Untracked |  0
| 368|0x0000000097000000, 0x0000000097000000, 0x0000000097100000|  0%| F|  |TAMS 0x0000000097000000| PB 0x0000000097000000| Untracked |  0
| 369|0x0000000097100000, 0x0000000097100000, 0x0000000097200000|  0%| F|  |TAMS 0x0000000097100000| PB 0x0000000097100000| Untracked |  0
| 370|0x0000000097200000, 0x0000000097200000, 0x0000000097300000|  0%| F|  |TAMS 0x0000000097200000| PB 0x0000000097200000| Untracked |  0
| 371|0x0000000097300000, 0x0000000097300000, 0x0000000097400000|  0%| F|  |TAMS 0x0000000097300000| PB 0x0000000097300000| Untracked |  0
| 372|0x0000000097400000, 0x0000000097400000, 0x0000000097500000|  0%| F|  |TAMS 0x0000000097400000| PB 0x0000000097400000| Untracked |  0
| 373|0x0000000097500000, 0x0000000097500000, 0x0000000097600000|  0%| F|  |TAMS 0x0000000097500000| PB 0x0000000097500000| Untracked |  0
| 374|0x0000000097600000, 0x0000000097600000, 0x0000000097700000|  0%| F|  |TAMS 0x0000000097600000| PB 0x0000000097600000| Untracked |  0
| 375|0x0000000097700000, 0x0000000097700000, 0x0000000097800000|  0%| F|  |TAMS 0x0000000097700000| PB 0x0000000097700000| Untracked |  0
| 376|0x0000000097800000, 0x0000000097800000, 0x0000000097900000|  0%| F|  |TAMS 0x0000000097800000| PB 0x0000000097800000| Untracked |  0
| 377|0x0000000097900000, 0x0000000097900000, 0x0000000097a00000|  0%| F|  |TAMS 0x0000000097900000| PB 0x0000000097900000| Untracked |  0
| 378|0x0000000097a00000, 0x0000000097a00000, 0x0000000097b00000|  0%| F|  |TAMS 0x0000000097a00000| PB 0x0000000097a00000| Untracked |  0
| 379|0x0000000097b00000, 0x0000000097b00000, 0x0000000097c00000|  0%| F|  |TAMS 0x0000000097b00000| PB 0x0000000097b00000| Untracked |  0
| 380|0x0000000097c00000, 0x0000000097c00000, 0x0000000097d00000|  0%| F|  |TAMS 0x0000000097c00000| PB 0x0000000097c00000| Untracked |  0
| 381|0x0000000097d00000, 0x0000000097d00000, 0x0000000097e00000|  0%| F|  |TAMS 0x0000000097d00000| PB 0x0000000097d00000| Untracked |  0
| 382|0x0000000097e00000, 0x0000000097e00000, 0x0000000097f00000|  0%| F|  |TAMS 0x0000000097e00000| PB 0x0000000097e00000| Untracked |  0
| 383|0x0000000097f00000, 0x0000000097f00000, 0x0000000098000000|  0%| F|  |TAMS 0x0000000097f00000| PB 0x0000000097f00000| Untracked |  0
| 384|0x0000000098000000, 0x0000000098000000, 0x0000000098100000|  0%| F|  |TAMS 0x0000000098000000| PB 0x0000000098000000| Untracked |  0
| 385|0x0000000098100000, 0x0000000098100000, 0x0000000098200000|  0%| F|  |TAMS 0x0000000098100000| PB 0x0000000098100000| Untracked |  0
| 386|0x0000000098200000, 0x0000000098200000, 0x0000000098300000|  0%| F|  |TAMS 0x0000000098200000| PB 0x0000000098200000| Untracked |  0
| 387|0x0000000098300000, 0x0000000098300000, 0x0000000098400000|  0%| F|  |TAMS 0x0000000098300000| PB 0x0000000098300000| Untracked |  0
| 388|0x0000000098400000, 0x0000000098400000, 0x0000000098500000|  0%| F|  |TAMS 0x0000000098400000| PB 0x0000000098400000| Untracked |  0
| 389|0x0000000098500000, 0x0000000098500000, 0x0000000098600000|  0%| F|  |TAMS 0x0000000098500000| PB 0x0000000098500000| Untracked |  0
| 390|0x0000000098600000, 0x0000000098600000, 0x0000000098700000|  0%| F|  |TAMS 0x0000000098600000| PB 0x0000000098600000| Untracked |  0
| 391|0x0000000098700000, 0x0000000098700000, 0x0000000098800000|  0%| F|  |TAMS 0x0000000098700000| PB 0x0000000098700000| Untracked |  0
| 392|0x0000000098800000, 0x0000000098800000, 0x0000000098900000|  0%| F|  |TAMS 0x0000000098800000| PB 0x0000000098800000| Untracked |  0
| 393|0x0000000098900000, 0x0000000098900000, 0x0000000098a00000|  0%| F|  |TAMS 0x0000000098900000| PB 0x0000000098900000| Untracked |  0
| 394|0x0000000098a00000, 0x0000000098a00000, 0x0000000098b00000|  0%| F|  |TAMS 0x0000000098a00000| PB 0x0000000098a00000| Untracked |  0
| 395|0x0000000098b00000, 0x0000000098b00000, 0x0000000098c00000|  0%| F|  |TAMS 0x0000000098b00000| PB 0x0000000098b00000| Untracked |  0
| 396|0x0000000098c00000, 0x0000000098c00000, 0x0000000098d00000|  0%| F|  |TAMS 0x0000000098c00000| PB 0x0000000098c00000| Untracked |  0
| 397|0x0000000098d00000, 0x0000000098d00000, 0x0000000098e00000|  0%| F|  |TAMS 0x0000000098d00000| PB 0x0000000098d00000| Untracked |  0
| 398|0x0000000098e00000, 0x0000000098e00000, 0x0000000098f00000|  0%| F|  |TAMS 0x0000000098e00000| PB 0x0000000098e00000| Untracked |  0
| 399|0x0000000098f00000, 0x0000000098f00000, 0x0000000099000000|  0%| F|  |TAMS 0x0000000098f00000| PB 0x0000000098f00000| Untracked |  0
| 400|0x0000000099000000, 0x0000000099000000, 0x0000000099100000|  0%| F|  |TAMS 0x0000000099000000| PB 0x0000000099000000| Untracked |  0
| 401|0x0000000099100000, 0x0000000099100000, 0x0000000099200000|  0%| F|  |TAMS 0x0000000099100000| PB 0x0000000099100000| Untracked |  0
| 402|0x0000000099200000, 0x0000000099200000, 0x0000000099300000|  0%| F|  |TAMS 0x0000000099200000| PB 0x0000000099200000| Untracked |  0
| 403|0x0000000099300000, 0x0000000099300000, 0x0000000099400000|  0%| F|  |TAMS 0x0000000099300000| PB 0x0000000099300000| Untracked |  0
| 404|0x0000000099400000, 0x0000000099400000, 0x0000000099500000|  0%| F|  |TAMS 0x0000000099400000| PB 0x0000000099400000| Untracked |  0
| 405|0x0000000099500000, 0x0000000099500000, 0x0000000099600000|  0%| F|  |TAMS 0x0000000099500000| PB 0x0000000099500000| Untracked |  0
| 406|0x0000000099600000, 0x0000000099600000, 0x0000000099700000|  0%| F|  |TAMS 0x0000000099600000| PB 0x0000000099600000| Untracked |  0
| 407|0x0000000099700000, 0x0000000099700000, 0x0000000099800000|  0%| F|  |TAMS 0x0000000099700000| PB 0x0000000099700000| Untracked |  0
| 408|0x0000000099800000, 0x0000000099800000, 0x0000000099900000|  0%| F|  |TAMS 0x0000000099800000| PB 0x0000000099800000| Untracked |  0
| 409|0x0000000099900000, 0x0000000099900000, 0x0000000099a00000|  0%| F|  |TAMS 0x0000000099900000| PB 0x0000000099900000| Untracked |  0
| 410|0x0000000099a00000, 0x0000000099a00000, 0x0000000099b00000|  0%| F|  |TAMS 0x0000000099a00000| PB 0x0000000099a00000| Untracked |  0
| 411|0x0000000099b00000, 0x0000000099b00000, 0x0000000099c00000|  0%| F|  |TAMS 0x0000000099b00000| PB 0x0000000099b00000| Untracked |  0
| 412|0x0000000099c00000, 0x0000000099c00000, 0x0000000099d00000|  0%| F|  |TAMS 0x0000000099c00000| PB 0x0000000099c00000| Untracked |  0
| 413|0x0000000099d00000, 0x0000000099d00000, 0x0000000099e00000|  0%| F|  |TAMS 0x0000000099d00000| PB 0x0000000099d00000| Untracked |  0
| 414|0x0000000099e00000, 0x0000000099e00000, 0x0000000099f00000|  0%| F|  |TAMS 0x0000000099e00000| PB 0x0000000099e00000| Untracked |  0
| 415|0x0000000099f00000, 0x0000000099f00000, 0x000000009a000000|  0%| F|  |TAMS 0x0000000099f00000| PB 0x0000000099f00000| Untracked |  0
| 416|0x000000009a000000, 0x000000009a000000, 0x000000009a100000|  0%| F|  |TAMS 0x000000009a000000| PB 0x000000009a000000| Untracked |  0
| 417|0x000000009a100000, 0x000000009a100000, 0x000000009a200000|  0%| F|  |TAMS 0x000000009a100000| PB 0x000000009a100000| Untracked |  0
| 509|0x000000009fd00000, 0x000000009fd00000, 0x000000009fe00000|  0%| F|  |TAMS 0x000000009fd00000| PB 0x000000009fd00000| Untracked |  0
|2045|0x00000000ffd00000, 0x00000000ffe00000, 0x00000000ffe00000|100%| O|  |TAMS 0x00000000ffd00000| PB 0x00000000ffd00000| Untracked |  0
|2046|0x00000000ffe00000, 0x00000000fff00000, 0x00000000fff00000|100%| O|  |TAMS 0x00000000ffe00000| PB 0x00000000ffe00000| Untracked |  0
|2047|0x00000000fff00000, 0x0000000100000000, 0x0000000100000000|100%| O|  |TAMS 0x00000000fff00000| PB 0x00000000fff00000| Untracked |  0

Card table byte_map: [0x0000023643a10000,0x0000023643e10000] _byte_map_base: 0x0000023643610000

Marking Bits: (CMBitMap*) 0x000002362bdd3000
 Bits: [0x0000023643e10000, 0x0000023645e10000)

Polling page: 0x0000023629cc0000

Metaspace:

Usage:
  Non-class:     52.09 MB used.
      Class:      8.71 MB used.
       Both:     60.80 MB used.

Virtual space:
  Non-class space:       64.00 MB reserved,      53.06 MB ( 83%) committed,  1 nodes.
      Class space:        1.00 GB reserved,       9.56 MB ( <1%) committed,  1 nodes.
             Both:        1.06 GB reserved,      62.62 MB (  6%) committed. 

Chunk freelists:
   Non-Class:  10.42 MB
       Class:  6.47 MB
        Both:  16.89 MB

MaxMetaspaceSize: unlimited
CompressedClassSpaceSize: 1.00 GB
Initial GC threshold: 21.00 MB
Current GC threshold: 104.31 MB
CDS: on
 - commit_granule_bytes: 65536.
 - commit_granule_words: 8192.
 - virtual_space_node_default_size: 8388608.
 - enlarge_chunks_in_place: 1.
 - use_allocation_guard: 0.


Internal statistics:

num_allocs_failed_limit: 9.
num_arena_births: 3118.
num_arena_deaths: 2.
num_vsnodes_births: 2.
num_vsnodes_deaths: 0.
num_space_committed: 1002.
num_space_uncommitted: 0.
num_chunks_returned_to_freelist: 15.
num_chunks_taken_from_freelist: 5897.
num_chunk_merges: 9.
num_chunk_splits: 3879.
num_chunks_enlarged: 2477.
num_inconsistent_stats: 0.

CodeHeap 'non-profiled nmethods': size=120000Kb used=6101Kb max_used=6101Kb free=113899Kb
 bounds [0x000002363bb80000, 0x000002363c180000, 0x00000236430b0000]
CodeHeap 'profiled nmethods': size=120000Kb used=17097Kb max_used=17566Kb free=102902Kb
 bounds [0x00000236340b0000, 0x00000236351e0000, 0x000002363b5e0000]
CodeHeap 'non-nmethods': size=5760Kb used=2828Kb max_used=2930Kb free=2931Kb
 bounds [0x000002363b5e0000, 0x000002363b8d0000, 0x000002363bb80000]
 total_blobs=9918 nmethods=8983 adapters=838
 compilation: enabled
              stopped_count=0, restarted_count=0
 full_count=0

Compilation events (20 events):
Event: 7.333 Thread 0x0000023648c04c80 10970       2       org.gradle.api.internal.artifacts.transform.AbstractTransformExecution::getDisplayName (36 bytes)
Event: 7.333 Thread 0x0000023648c04c80 nmethod 10970 0x0000023634efec10 code [0x0000023634efee00, 0x0000023634eff180]
Event: 7.334 Thread 0x0000023648c04c80 10971       2       org.gradle.api.internal.provider.Providers$FixedValueProvider::getType (14 bytes)
Event: 7.334 Thread 0x0000023648c04c80 nmethod 10971 0x0000023634f9df90 code [0x0000023634f9e120, 0x0000023634f9e280]
Event: 7.336 Thread 0x0000023648c04c80 10973       2       org.gradle.internal.instantiation.generator.Jsr330ConstructorSelector::vetoParameters (71 bytes)
Event: 7.337 Thread 0x0000023648c04c80 nmethod 10973 0x0000023634f17390 code [0x0000023634f17580, 0x0000023634f17920]
Event: 7.338 Thread 0x0000023648c04c80 10974       1       org.gradle.api.internal.artifacts.transform.DefaultTransformOutputs::access$300 (5 bytes)
Event: 7.338 Thread 0x0000023648c04c80 nmethod 10974 0x000002363c072490 code [0x000002363c072620, 0x000002363c0726d0]
Event: 7.338 Thread 0x0000023648c04c80 10976       2       org.gradle.api.internal.artifacts.transform.TransformExecutionResult$$Lambda/0x000002364a974000::accept (12 bytes)
Event: 7.338 Thread 0x0000023648c04c80 nmethod 10976 0x0000023634fed110 code [0x0000023634fed2c0, 0x0000023634fed450]
Event: 7.338 Thread 0x0000023648c04c80 10975       1       org.gradle.api.internal.artifacts.transform.DefaultTransformOutputs::access$400 (5 bytes)
Event: 7.338 Thread 0x0000023648c04c80 nmethod 10975 0x000002363c072190 code [0x000002363c072320, 0x000002363c0723d0]
Event: 7.339 Thread 0x0000023648c04c80 10977       2       java.util.jar.Manifest::toLower (24 bytes)
Event: 7.339 Thread 0x0000023648c04c80 nmethod 10977 0x0000023634ff1b90 code [0x0000023634ff1d20, 0x0000023634ff1e48]
Event: 7.339 Thread 0x0000023648c04c80 10978       2       java.util.jar.Manifest::parseName (84 bytes)
Event: 7.340 Thread 0x0000023648c04c80 nmethod 10978 0x0000023634fdd890 code [0x0000023634fdda60, 0x0000023634fddda0]
Event: 7.341 Thread 0x0000023648c07560 nmethod 10802% 0x000002363c166e10 code [0x000002363c1677e0, 0x000002363c170900]
Event: 7.341 Thread 0x0000023648c07560 10962       4       org.objectweb.asm.MethodWriter::putMethodInfo (1274 bytes)
Event: 7.359 Thread 0x0000023648c04c80 10981       2       org.gradle.internal.lazy.UnsafeLazy::get (30 bytes)
Event: 7.359 Thread 0x0000023648c04c80 nmethod 10981 0x0000023635066f10 code [0x00000236350670c0, 0x0000023635067288]

GC Heap History (20 events):
Event: 5.979 GC heap after
{Heap after GC invocations=26 (full 0):
 garbage-first heap   total reserved 2097152K, committed 201728K, used 90794K [0x0000000080000000, 0x0000000100000000)
  region size 1024K, 13 young (13312K), 13 survivors (13312K)
 Metaspace       used 62071K, committed 63872K, reserved 1114112K
  class space    used 8916K, committed 9792K, reserved 1048576K
}
Event: 6.068 GC heap before
{Heap before GC invocations=27 (full 0):
 garbage-first heap   total reserved 2097152K, committed 201728K, used 176810K [0x0000000080000000, 0x0000000100000000)
  region size 1024K, 97 young (99328K), 13 survivors (13312K)
 Metaspace       used 62077K, committed 63872K, reserved 1114112K
  class space    used 8916K, committed 9792K, reserved 1048576K
}
Event: 6.083 GC heap after
{Heap after GC invocations=28 (full 0):
 garbage-first heap   total reserved 2097152K, committed 204800K, used 105966K [0x0000000080000000, 0x0000000100000000)
  region size 1024K, 13 young (13312K), 13 survivors (13312K)
 Metaspace       used 62077K, committed 63872K, reserved 1114112K
  class space    used 8916K, committed 9792K, reserved 1048576K
}
Event: 6.145 GC heap before
{Heap before GC invocations=28 (full 0):
 garbage-first heap   total reserved 2097152K, committed 204800K, used 179694K [0x0000000080000000, 0x0000000100000000)
  region size 1024K, 86 young (88064K), 13 survivors (13312K)
 Metaspace       used 62084K, committed 63872K, reserved 1114112K
  class space    used 8916K, committed 9792K, reserved 1048576K
}
Event: 6.152 GC heap after
{Heap after GC invocations=29 (full 0):
 garbage-first heap   total reserved 2097152K, committed 409600K, used 110273K [0x0000000080000000, 0x0000000100000000)
  region size 1024K, 6 young (6144K), 6 survivors (6144K)
 Metaspace       used 62084K, committed 63872K, reserved 1114112K
  class space    used 8916K, committed 9792K, reserved 1048576K
}
Event: 6.364 GC heap before
{Heap before GC invocations=29 (full 0):
 garbage-first heap   total reserved 2097152K, committed 409600K, used 348865K [0x0000000080000000, 0x0000000100000000)
  region size 1024K, 240 young (245760K), 6 survivors (6144K)
 Metaspace       used 62127K, committed 63936K, reserved 1114112K
  class space    used 8916K, committed 9792K, reserved 1048576K
}
Event: 6.368 GC heap after
{Heap after GC invocations=30 (full 0):
 garbage-first heap   total reserved 2097152K, committed 409600K, used 114793K [0x0000000080000000, 0x0000000100000000)
  region size 1024K, 10 young (10240K), 10 survivors (10240K)
 Metaspace       used 62127K, committed 63936K, reserved 1114112K
  class space    used 8916K, committed 9792K, reserved 1048576K
}
Event: 6.518 GC heap before
{Heap before GC invocations=30 (full 0):
 garbage-first heap   total reserved 2097152K, committed 409600K, used 349289K [0x0000000080000000, 0x0000000100000000)
  region size 1024K, 240 young (245760K), 10 survivors (10240K)
 Metaspace       used 62175K, committed 63936K, reserved 1114112K
  class space    used 8917K, committed 9792K, reserved 1048576K
}
Event: 6.522 GC heap after
{Heap after GC invocations=31 (full 0):
 garbage-first heap   total reserved 2097152K, committed 409600K, used 117620K [0x0000000080000000, 0x0000000100000000)
  region size 1024K, 13 young (13312K), 13 survivors (13312K)
 Metaspace       used 62175K, committed 63936K, reserved 1114112K
  class space    used 8917K, committed 9792K, reserved 1048576K
}
Event: 6.669 GC heap before
{Heap before GC invocations=31 (full 0):
 garbage-first heap   total reserved 2097152K, committed 409600K, used 349044K [0x0000000080000000, 0x0000000100000000)
  region size 1024K, 240 young (245760K), 13 survivors (13312K)
 Metaspace       used 62188K, committed 64000K, reserved 1114112K
  class space    used 8917K, committed 9792K, reserved 1048576K
}
Event: 6.673 GC heap after
{Heap after GC invocations=32 (full 0):
 garbage-first heap   total reserved 2097152K, committed 409600K, used 118313K [0x0000000080000000, 0x0000000100000000)
  region size 1024K, 14 young (14336K), 14 survivors (14336K)
 Metaspace       used 62188K, committed 64000K, reserved 1114112K
  class space    used 8917K, committed 9792K, reserved 1048576K
}
Event: 6.810 GC heap before
{Heap before GC invocations=32 (full 0):
 garbage-first heap   total reserved 2097152K, committed 409600K, used 350761K [0x0000000080000000, 0x0000000100000000)
  region size 1024K, 240 young (245760K), 14 survivors (14336K)
 Metaspace       used 62200K, committed 64000K, reserved 1114112K
  class space    used 8917K, committed 9792K, reserved 1048576K
}
Event: 6.819 GC heap after
{Heap after GC invocations=33 (full 0):
 garbage-first heap   total reserved 2097152K, committed 409600K, used 136145K [0x0000000080000000, 0x0000000100000000)
  region size 1024K, 28 young (28672K), 28 survivors (28672K)
 Metaspace       used 62200K, committed 64000K, reserved 1114112K
  class space    used 8917K, committed 9792K, reserved 1048576K
}
Event: 6.949 GC heap before
{Heap before GC invocations=33 (full 0):
 garbage-first heap   total reserved 2097152K, committed 409600K, used 355281K [0x0000000080000000, 0x0000000100000000)
  region size 1024K, 240 young (245760K), 28 survivors (28672K)
 Metaspace       used 62237K, committed 64064K, reserved 1114112K
  class space    used 8917K, committed 9792K, reserved 1048576K
}
Event: 6.960 GC heap after
{Heap after GC invocations=34 (full 0):
 garbage-first heap   total reserved 2097152K, committed 409600K, used 148179K [0x0000000080000000, 0x0000000100000000)
  region size 1024K, 24 young (24576K), 24 survivors (24576K)
 Metaspace       used 62237K, committed 64064K, reserved 1114112K
  class space    used 8917K, committed 9792K, reserved 1048576K
}
Event: 7.076 GC heap before
{Heap before GC invocations=34 (full 0):
 garbage-first heap   total reserved 2097152K, committed 409600K, used 364243K [0x0000000080000000, 0x0000000100000000)
  region size 1024K, 235 young (240640K), 24 survivors (24576K)
 Metaspace       used 62240K, committed 64064K, reserved 1114112K
  class space    used 8917K, committed 9792K, reserved 1048576K
}
Event: 7.083 GC heap after
{Heap after GC invocations=35 (full 0):
 garbage-first heap   total reserved 2097152K, committed 409600K, used 150345K [0x0000000080000000, 0x0000000100000000)
  region size 1024K, 12 young (12288K), 12 survivors (12288K)
 Metaspace       used 62240K, committed 64064K, reserved 1114112K
  class space    used 8917K, committed 9792K, reserved 1048576K
}
Event: 7.245 GC heap before
{Heap before GC invocations=36 (full 0):
 garbage-first heap   total reserved 2097152K, committed 409600K, used 372553K [0x0000000080000000, 0x0000000100000000)
  region size 1024K, 233 young (238592K), 12 survivors (12288K)
 Metaspace       used 62248K, committed 64128K, reserved 1114112K
  class space    used 8917K, committed 9792K, reserved 1048576K
}
Event: 7.249 GC heap after
{Heap after GC invocations=37 (full 0):
 garbage-first heap   total reserved 2097152K, committed 409600K, used 150736K [0x0000000080000000, 0x0000000100000000)
  region size 1024K, 14 young (14336K), 14 survivors (14336K)
 Metaspace       used 62248K, committed 64128K, reserved 1114112K
  class space    used 8917K, committed 9792K, reserved 1048576K
}
Event: 7.364 GC heap before
{Heap before GC invocations=37 (full 0):
 garbage-first heap   total reserved 2097152K, committed 409600K, used 372944K [0x0000000080000000, 0x0000000100000000)
  region size 1024K, 232 young (237568K), 14 survivors (14336K)
 Metaspace       used 62261K, committed 64128K, reserved 1114112K
  class space    used 8917K, committed 9792K, reserved 1048576K
}

Dll operation events (15 events):
Event: 0.009 Loaded shared library C:\Program Files\Java\jdk-22.0.2\bin\java.dll
Event: 0.032 Loaded shared library C:\Program Files\Java\jdk-22.0.2\bin\jsvml.dll
Event: 0.054 Loaded shared library C:\Program Files\Java\jdk-22.0.2\bin\zip.dll
Event: 0.057 Loaded shared library C:\Program Files\Java\jdk-22.0.2\bin\instrument.dll
Event: 0.059 Loaded shared library C:\Program Files\Java\jdk-22.0.2\bin\net.dll
Event: 0.060 Loaded shared library C:\Program Files\Java\jdk-22.0.2\bin\nio.dll
Event: 0.062 Loaded shared library C:\Program Files\Java\jdk-22.0.2\bin\zip.dll
Event: 0.180 Loaded shared library C:\Program Files\Java\jdk-22.0.2\bin\jimage.dll
Event: 0.264 Loaded shared library C:\Program Files\Java\jdk-22.0.2\bin\verify.dll
Event: 0.329 Loaded shared library E:\flutter_cache\gradle-home\native\1def1411415f61bf3af743bc5b6707747c0891f09f0c88961ee8f79bc544acac\windows-amd64\native-platform.dll
Event: 0.337 Loaded shared library E:\flutter_cache\gradle-home\native\0.2.7\x86_64-windows-gnu\gradle-fileevents.dll
Event: 0.802 Loaded shared library C:\Program Files\Java\jdk-22.0.2\bin\management.dll
Event: 0.804 Loaded shared library C:\Program Files\Java\jdk-22.0.2\bin\management_ext.dll
Event: 0.900 Loaded shared library C:\Program Files\Java\jdk-22.0.2\bin\extnet.dll
Event: 1.020 Loaded shared library C:\Program Files\Java\jdk-22.0.2\bin\sunmscapi.dll

Deoptimization events (20 events):
Event: 7.352 Thread 0x000002369550a8c0 DEOPT PACKING pc=0x0000023634ec22fe sp=0x00000041a56fa030
Event: 7.352 Thread 0x000002369550a8c0 DEOPT UNPACKING pc=0x000002363b634e42 sp=0x00000041a56f9760 mode 0
Event: 7.353 Thread 0x000002369550a8c0 DEOPT PACKING pc=0x0000023634ec22fe sp=0x00000041a56fa030
Event: 7.353 Thread 0x000002369550a8c0 DEOPT UNPACKING pc=0x000002363b634e42 sp=0x00000041a56f9760 mode 0
Event: 7.354 Thread 0x00000236955104a0 DEOPT PACKING pc=0x0000023634ec22fe sp=0x00000041a59fa960
Event: 7.354 Thread 0x00000236955104a0 DEOPT UNPACKING pc=0x000002363b634e42 sp=0x00000041a59fa090 mode 0
Event: 7.356 Thread 0x000002369550d020 DEOPT PACKING pc=0x0000023634ec1976 sp=0x00000041a5bfa180
Event: 7.356 Thread 0x000002369550d020 DEOPT UNPACKING pc=0x000002363b634e42 sp=0x00000041a5bf98b0 mode 0
Event: 7.357 Thread 0x000002369550f0f0 DEOPT PACKING pc=0x0000023634ec22fe sp=0x00000041a5ffa370
Event: 7.357 Thread 0x000002369550f0f0 DEOPT UNPACKING pc=0x000002363b634e42 sp=0x00000041a5ff9aa0 mode 0
Event: 7.359 Thread 0x000002369550a8c0 DEOPT PACKING pc=0x0000023634ec1976 sp=0x00000041a56fa030
Event: 7.359 Thread 0x000002369550a8c0 DEOPT UNPACKING pc=0x000002363b634e42 sp=0x00000041a56f9760 mode 0
Event: 7.360 Thread 0x000002369550d020 DEOPT PACKING pc=0x0000023634ec1976 sp=0x00000041a5bfa180
Event: 7.360 Thread 0x000002369550d020 DEOPT UNPACKING pc=0x000002363b634e42 sp=0x00000041a5bf98b0 mode 0
Event: 7.362 Thread 0x000002369550a8c0 DEOPT PACKING pc=0x0000023634ec22fe sp=0x00000041a56fa030
Event: 7.362 Thread 0x000002369550a8c0 DEOPT UNPACKING pc=0x000002363b634e42 sp=0x00000041a56f9760 mode 0
Event: 7.363 Thread 0x000002369550a8c0 DEOPT PACKING pc=0x0000023634ec1976 sp=0x00000041a56fa030
Event: 7.363 Thread 0x000002369550a8c0 DEOPT UNPACKING pc=0x000002363b634e42 sp=0x00000041a56f9760 mode 0
Event: 7.364 Thread 0x000002369550d020 DEOPT PACKING pc=0x0000023634ec1dd0 sp=0x00000041a5bfa180
Event: 7.364 Thread 0x000002369550d020 DEOPT UNPACKING pc=0x000002363b634e42 sp=0x00000041a5bf98b0 mode 0

Classes loaded (20 events):
Event: 4.748 Loading class java/util/Collections$ReverseComparator2
Event: 4.748 Loading class java/util/Collections$ReverseComparator2 done
Event: 4.842 Loading class sun/reflect/ReflectionFactory
Event: 4.842 Loading class sun/reflect/ReflectionFactory done
Event: 4.842 Loading class sun/reflect/ReflectionFactory$1
Event: 4.842 Loading class sun/reflect/ReflectionFactory$1 done
Event: 5.100 Loading class java/nio/charset/UnsupportedCharsetException
Event: 5.100 Loading class java/nio/charset/UnsupportedCharsetException done
Event: 5.103 Loading class java/util/Collections$UnmodifiableSortedMap
Event: 5.103 Loading class java/util/Collections$UnmodifiableSortedMap done
Event: 5.106 Loading class java/util/zip/Deflater
Event: 5.106 Loading class java/util/zip/Deflater done
Event: 5.107 Loading class java/util/zip/Deflater$DeflaterZStreamRef
Event: 5.107 Loading class java/util/zip/Deflater$DeflaterZStreamRef done
Event: 5.113 Loading class java/util/zip/ZipFile$ZipEntryIterator
Event: 5.113 Loading class java/util/zip/ZipFile$ZipEntryIterator done
Event: 5.116 Loading class java/util/zip/ZipInputStream
Event: 5.116 Loading class java/util/zip/ZipInputStream done
Event: 5.154 Loading class java/nio/StringCharBuffer
Event: 5.154 Loading class java/nio/StringCharBuffer done

Classes unloaded (5 events):
Event: 4.574 Thread 0x0000023648aab060 Unloading class 0x000002364a5b9000 '_BuildScript_$_run_closure1$_closure2'
Event: 4.574 Thread 0x0000023648aab060 Unloading class 0x000002364a5b8a98 '_BuildScript_$_run_closure1'
Event: 4.574 Thread 0x0000023648aab060 Unloading class 0x000002364a5b8568 '_BuildScript_'
Event: 4.574 Thread 0x0000023648aab060 Unloading class 0x000002364a5b82b0 'GradleAnnotationProcessorPatchPlugin$AnnotationProcessorModelBuilder'
Event: 4.574 Thread 0x0000023648aab060 Unloading class 0x000002364a5b8000 'GradleAnnotationProcessorPatchPlugin'

Classes redefined (0 events):
No events

Internal exceptions (20 events):
Event: 5.115 Thread 0x000002369550a8c0 Implicit null exception at 0x000002363bd68866 to 0x000002363bd693f0
Event: 5.127 Thread 0x000002369550f780 Exception <a 'sun/nio/fs/WindowsException'{0x000000008736e230}> (0x000000008736e230) 
thrown [s\open\src\hotspot\share\prims\jni.cpp, line 520]
Event: 5.144 Thread 0x000002369550d020 Exception <a 'sun/nio/fs/WindowsException'{0x000000008682a400}> (0x000000008682a400) 
thrown [s\open\src\hotspot\share\prims\jni.cpp, line 520]
Event: 5.182 Thread 0x00000236955104a0 Exception <a 'sun/nio/fs/WindowsException'{0x00000000859bdd88}> (0x00000000859bdd88) 
thrown [s\open\src\hotspot\share\prims\jni.cpp, line 520]
Event: 5.212 Thread 0x000002369550f0f0 Exception <a 'sun/nio/fs/WindowsException'{0x000000009fd84090}> (0x000000009fd84090) 
thrown [s\open\src\hotspot\share\prims\jni.cpp, line 520]
Event: 5.331 Thread 0x0000023695510b30 Exception <a 'sun/nio/fs/WindowsException'{0x0000000086698db0}> (0x0000000086698db0) 
thrown [s\open\src\hotspot\share\prims\jni.cpp, line 520]
Event: 5.577 Thread 0x000002369550f0f0 Exception <a 'sun/nio/fs/WindowsException'{0x00000000876352b0}> (0x00000000876352b0) 
thrown [s\open\src\hotspot\share\prims\jni.cpp, line 520]
Event: 6.187 Thread 0x000002369550f0f0 Exception <a 'sun/nio/fs/WindowsException'{0x0000000096e44eb8}> (0x0000000096e44eb8) 
thrown [s\open\src\hotspot\share\prims\jni.cpp, line 520]
Event: 6.231 Thread 0x00000236955104a0 Exception <a 'sun/nio/fs/WindowsException'{0x00000000944cdbd8}> (0x00000000944cdbd8) 
thrown [s\open\src\hotspot\share\prims\jni.cpp, line 520]
Event: 6.310 Thread 0x00000236955104a0 Exception <a 'sun/nio/fs/WindowsException'{0x000000008e60b618}> (0x000000008e60b618) 
thrown [s\open\src\hotspot\share\prims\jni.cpp, line 520]
Event: 6.386 Thread 0x00000236955104a0 Exception <a 'sun/nio/fs/WindowsException'{0x000000009fd464a0}> (0x000000009fd464a0) 
thrown [s\open\src\hotspot\share\prims\jni.cpp, line 520]
Event: 6.454 Thread 0x00000236955104a0 Exception <a 'sun/nio/fs/WindowsException'{0x000000009255ddf8}> (0x000000009255ddf8) 
thrown [s\open\src\hotspot\share\prims\jni.cpp, line 520]
Event: 6.545 Thread 0x00000236955104a0 Exception <a 'sun/nio/fs/WindowsException'{0x00000000989a0910}> (0x00000000989a0910) 
thrown [s\open\src\hotspot\share\prims\jni.cpp, line 520]
Event: 6.682 Thread 0x00000236955104a0 Exception <a 'sun/nio/fs/WindowsException'{0x000000009a115720}> (0x000000009a115720) 
thrown [s\open\src\hotspot\share\prims\jni.cpp, line 520]
Event: 6.872 Thread 0x00000236955104a0 Exception <a 'sun/nio/fs/WindowsException'{0x0000000094e23f58}> (0x0000000094e23f58) 
thrown [s\open\src\hotspot\share\prims\jni.cpp, line 520]
Event: 6.932 Thread 0x00000236955104a0 Exception <a 'sun/nio/fs/WindowsException'{0x000000008e520b60}> (0x000000008e520b60) 
thrown [s\open\src\hotspot\share\prims\jni.cpp, line 520]
Event: 6.937 Thread 0x000002369550f0f0 Exception <a 'sun/nio/fs/WindowsException'{0x000000008ead51e0}> (0x000000008ead51e0) 
thrown [s\open\src\hotspot\share\prims\jni.cpp, line 520]
Event: 6.997 Thread 0x00000236955104a0 Exception <a 'sun/nio/fs/WindowsException'{0x0000000094a20aa0}> (0x0000000094a20aa0) 
thrown [s\open\src\hotspot\share\prims\jni.cpp, line 520]
Event: 7.191 Thread 0x00000236955104a0 Exception <a 'sun/nio/fs/WindowsException'{0x00000000926b0bb8}> (0x00000000926b0bb8) 
thrown [s\open\src\hotspot\share\prims\jni.cpp, line 520]
Event: 7.337 Thread 0x0000023695510b30 Exception <a 'sun/nio/fs/WindowsException'{0x00000000902b8e48}> (0x00000000902b8e48) 
thrown [s\open\src\hotspot\share\prims\jni.cpp, line 520]

ZGC Phase Switch (0 events):
No events

VM Operations (20 events):
Event: 6.368 Executing VM operation: G1CollectForAllocation (G1 Evacuation Pause) done
Event: 6.455 Executing VM operation: HandshakeAllThreads (Deoptimize)
Event: 6.456 Executing VM operation: HandshakeAllThreads (Deoptimize) done
Event: 6.517 Executing VM operation: G1CollectForAllocation (G1 Evacuation Pause)
Event: 6.522 Executing VM operation: G1CollectForAllocation (G1 Evacuation Pause) done
Event: 6.668 Executing VM operation: G1CollectForAllocation (G1 Evacuation Pause)
Event: 6.673 Executing VM operation: G1CollectForAllocation (G1 Evacuation Pause) done
Event: 6.810 Executing VM operation: G1CollectForAllocation (G1 Evacuation Pause)
Event: 6.819 Executing VM operation: G1CollectForAllocation (G1 Evacuation Pause) done
Event: 6.949 Executing VM operation: G1CollectForAllocation (G1 Evacuation Pause)
Event: 6.960 Executing VM operation: G1CollectForAllocation (G1 Evacuation Pause) done
Event: 7.076 Executing VM operation: G1CollectForAllocation (G1 Evacuation Pause)
Event: 7.083 Executing VM operation: G1CollectForAllocation (G1 Evacuation Pause) done
Event: 7.134 Executing VM operation: G1PauseRemark
Event: 7.138 Executing VM operation: G1PauseRemark done
Event: 7.166 Executing VM operation: G1PauseCleanup
Event: 7.166 Executing VM operation: G1PauseCleanup done
Event: 7.245 Executing VM operation: G1CollectForAllocation (G1 Evacuation Pause)
Event: 7.249 Executing VM operation: G1CollectForAllocation (G1 Evacuation Pause) done
Event: 7.364 Executing VM operation: G1CollectForAllocation (G1 Evacuation Pause)

Memory protections (0 events):
No events

Nmethod flushes (20 events):
Event: 7.138 Thread 0x0000023648aab060 flushing  nmethod 0x0000023634ffc610
Event: 7.138 Thread 0x0000023648aab060 flushing  nmethod 0x0000023634ffd190
Event: 7.138 Thread 0x0000023648aab060 flushing  nmethod 0x0000023634ffe310
Event: 7.138 Thread 0x0000023648aab060 flushing  nmethod 0x0000023634ffed90
Event: 7.138 Thread 0x0000023648aab060 flushing  nmethod 0x0000023634fff510
Event: 7.138 Thread 0x0000023648aab060 flushing  nmethod 0x0000023635001d90
Event: 7.138 Thread 0x0000023648aab060 flushing  nmethod 0x0000023635002b90
Event: 7.138 Thread 0x0000023648aab060 flushing  nmethod 0x0000023635003190
Event: 7.138 Thread 0x0000023648aab060 flushing  nmethod 0x0000023635004990
Event: 7.138 Thread 0x0000023648aab060 flushing  nmethod 0x0000023635005010
Event: 7.138 Thread 0x0000023648aab060 flushing  nmethod 0x0000023635005d90
Event: 7.138 Thread 0x0000023648aab060 flushing  nmethod 0x0000023635025610
Event: 7.138 Thread 0x0000023648aab060 flushing  nmethod 0x0000023635025a10
Event: 7.138 Thread 0x0000023648aab060 flushing  nmethod 0x0000023635025e90
Event: 7.138 Thread 0x0000023648aab060 flushing  nmethod 0x0000023635026310
Event: 7.138 Thread 0x0000023648aab060 flushing  nmethod 0x0000023635027b90
Event: 7.138 Thread 0x0000023648aab060 flushing  nmethod 0x0000023635028d90
Event: 7.138 Thread 0x0000023648aab060 flushing  nmethod 0x0000023635084290
Event: 7.138 Thread 0x0000023648aab060 flushing  nmethod 0x0000023635086090
Event: 7.138 Thread 0x0000023648aab060 flushing  nmethod 0x0000023635087590

Events (20 events):
Event: 4.863 Thread 0x000002368faf2300 Thread added: 0x000002369198a8b0
Event: 4.864 Thread 0x000002368faf2300 Thread added: 0x000002369550fe10
Event: 4.865 Thread 0x000002368faf2300 Thread added: 0x000002369550dd40
Event: 4.866 Thread 0x000002368faf2300 Thread added: 0x000002369550af50
Event: 4.867 Thread 0x000002368faf2300 Thread added: 0x000002369550b5e0
Event: 4.868 Thread 0x000002368faf2300 Thread added: 0x0000023695509ba0
Event: 4.869 Thread 0x000002368faf2300 Thread added: 0x00000236955111c0
Event: 4.870 Thread 0x000002368faf2300 Thread added: 0x000002369550d6b0
Event: 4.872 Thread 0x000002368faf2300 Thread added: 0x000002369550a230
Event: 5.016 Thread 0x000002368faf2300 Thread added: 0x000002369550a8c0
Event: 5.017 Thread 0x000002368faf2300 Thread added: 0x000002369550bc70
Event: 5.017 Thread 0x000002368faf2300 Thread added: 0x000002369550c300
Event: 5.018 Thread 0x000002368faf2300 Thread added: 0x00000236955104a0
Event: 5.018 Thread 0x000002368faf2300 Thread added: 0x000002369550c990
Event: 5.018 Thread 0x000002368faf2300 Thread added: 0x000002369550d020
Event: 5.019 Thread 0x000002368faf2300 Thread added: 0x0000023695510b30
Event: 5.019 Thread 0x000002368faf2300 Thread added: 0x000002369550e3d0
Event: 5.019 Thread 0x000002368faf2300 Thread added: 0x000002369550ea60
Event: 5.019 Thread 0x000002368faf2300 Thread added: 0x000002369550f0f0
Event: 5.020 Thread 0x000002368faf2300 Thread added: 0x000002369550f780


Dynamic libraries:
0x00007ff643410000 - 0x00007ff64341e000 	C:\Program Files\Java\jdk-22.0.2\bin\java.exe
0x00007ffba4510000 - 0x00007ffba4708000 	C:\WINDOWS\SYSTEM32\ntdll.dll
0x00007ffba3cf0000 - 0x00007ffba3db2000 	C:\WINDOWS\System32\KERNEL32.DLL
0x00007ffba1f30000 - 0x00007ffba2226000 	C:\WINDOWS\System32\KERNELBASE.dll
0x00007ffb9db00000 - 0x00007ffb9db94000 	C:\WINDOWS\SYSTEM32\apphelp.dll
0x00007ffba2440000 - 0x00007ffba2540000 	C:\WINDOWS\System32\ucrtbase.dll
0x00007ffb82b90000 - 0x00007ffb82bab000 	C:\Program Files\Java\jdk-22.0.2\bin\VCRUNTIME140.dll
0x00007ffb838d0000 - 0x00007ffb838e7000 	C:\Program Files\Java\jdk-22.0.2\bin\jli.dll
0x00007ffba3660000 - 0x00007ffba37fd000 	C:\WINDOWS\System32\USER32.dll
0x00007ffba1bb0000 - 0x00007ffba1bd2000 	C:\WINDOWS\System32\win32u.dll
0x00007ffba2e20000 - 0x00007ffba2e4b000 	C:\WINDOWS\System32\GDI32.dll
0x00007ffba1040000 - 0x00007ffba12db000 	C:\WINDOWS\WinSxS\amd64_microsoft.windows.common-controls_6595b64144ccf1df_6.0.19041.6280_none_60bc30a171f2f3f3\COMCTL32.dll
0x00007ffba1d90000 - 0x00007ffba1ea9000 	C:\WINDOWS\System32\gdi32full.dll
0x00007ffba2f00000 - 0x00007ffba2f9e000 	C:\WINDOWS\System32\msvcrt.dll
0x00007ffba1ca0000 - 0x00007ffba1d3d000 	C:\WINDOWS\System32\msvcp_win.dll
0x00007ffba3630000 - 0x00007ffba365f000 	C:\WINDOWS\System32\IMM32.DLL
0x00007ffb9b3c0000 - 0x00007ffb9b3cc000 	C:\Program Files\Java\jdk-22.0.2\bin\vcruntime140_1.dll
0x00007ffb36550000 - 0x00007ffb365de000 	C:\Program Files\Java\jdk-22.0.2\bin\msvcp140.dll
0x00007ffb0e1f0000 - 0x00007ffb0ef39000 	C:\Program Files\Java\jdk-22.0.2\bin\server\jvm.dll
0x00007ffba2540000 - 0x00007ffba25f1000 	C:\WINDOWS\System32\ADVAPI32.dll
0x00007ffba3f90000 - 0x00007ffba402f000 	C:\WINDOWS\System32\sechost.dll
0x00007ffba3510000 - 0x00007ffba3630000 	C:\WINDOWS\System32\RPCRT4.dll
0x00007ffba1c70000 - 0x00007ffba1c97000 	C:\WINDOWS\System32\bcrypt.dll
0x00007ffba3800000 - 0x00007ffba386b000 	C:\WINDOWS\System32\WS2_32.dll
0x00007ffba17a0000 - 0x00007ffba17eb000 	C:\WINDOWS\SYSTEM32\POWRPROF.dll
0x00007ffb97d90000 - 0x00007ffb97d9a000 	C:\WINDOWS\SYSTEM32\VERSION.dll
0x00007ffb92fd0000 - 0x00007ffb92ff7000 	C:\WINDOWS\SYSTEM32\WINMM.dll
0x00007ffba1300000 - 0x00007ffba1312000 	C:\WINDOWS\SYSTEM32\UMPDC.dll
0x00007ffb9fd00000 - 0x00007ffb9fd12000 	C:\WINDOWS\SYSTEM32\kernel.appcore.dll
0x00007ffb936b0000 - 0x00007ffb936ba000 	C:\Program Files\Java\jdk-22.0.2\bin\jimage.dll
0x00007ffba1590000 - 0x00007ffba1791000 	C:\WINDOWS\SYSTEM32\DBGHELP.DLL
0x00007ffba14d0000 - 0x00007ffba1504000 	C:\WINDOWS\SYSTEM32\dbgcore.DLL
0x00007ffba1be0000 - 0x00007ffba1c62000 	C:\WINDOWS\System32\bcryptPrimitives.dll
0x00007ffb8c100000 - 0x00007ffb8c10f000 	C:\Program Files\Java\jdk-22.0.2\bin\instrument.dll
0x00007ffb82b70000 - 0x00007ffb82b8e000 	C:\Program Files\Java\jdk-22.0.2\bin\java.dll
0x00007ffba26b0000 - 0x00007ffba2e20000 	C:\WINDOWS\System32\SHELL32.dll
0x00007ffba3320000 - 0x00007ffba344b000 	C:\WINDOWS\System32\ole32.dll
0x00007ffba2fa0000 - 0x00007ffba32f3000 	C:\WINDOWS\System32\combase.dll
0x00007ffb9f550000 - 0x00007ffb9fcf5000 	C:\WINDOWS\SYSTEM32\windows.storage.dll
0x00007ffba0e30000 - 0x00007ffba0e5b000 	C:\WINDOWS\SYSTEM32\Wldp.dll
0x00007ffba3ea0000 - 0x00007ffba3f6d000 	C:\WINDOWS\System32\OLEAUT32.dll
0x00007ffba2600000 - 0x00007ffba26ad000 	C:\WINDOWS\System32\SHCORE.dll
0x00007ffba3450000 - 0x00007ffba34ab000 	C:\WINDOWS\System32\shlwapi.dll
0x00007ffba1ae0000 - 0x00007ffba1b04000 	C:\WINDOWS\SYSTEM32\profapi.dll
0x00007ffb33730000 - 0x00007ffb33807000 	C:\Program Files\Java\jdk-22.0.2\bin\jsvml.dll
0x00007ffb81080000 - 0x00007ffb81097000 	C:\Program Files\Java\jdk-22.0.2\bin\zip.dll
0x00007ffb85b80000 - 0x00007ffb85b90000 	C:\Program Files\Java\jdk-22.0.2\bin\net.dll
0x00007ffba0bb0000 - 0x00007ffba0c1a000 	C:\WINDOWS\system32\mswsock.dll
0x00007ffb7ff00000 - 0x00007ffb7ff16000 	C:\Program Files\Java\jdk-22.0.2\bin\nio.dll
0x00007ffb84860000 - 0x00007ffb84870000 	C:\Program Files\Java\jdk-22.0.2\bin\verify.dll
0x00007ffb74e30000 - 0x00007ffb74e57000 	E:\flutter_cache\gradle-home\native\1def1411415f61bf3af743bc5b6707747c0891f09f0c88961ee8f79bc544acac\windows-amd64\native-platform.dll
0x00007ffb3b2a0000 - 0x00007ffb3b318000 	E:\flutter_cache\gradle-home\native\0.2.7\x86_64-windows-gnu\gradle-fileevents.dll
0x00007ffb84200000 - 0x00007ffb8420a000 	C:\Program Files\Java\jdk-22.0.2\bin\management.dll
0x00007ffb81070000 - 0x00007ffb8107b000 	C:\Program Files\Java\jdk-22.0.2\bin\management_ext.dll
0x00007ffba3f70000 - 0x00007ffba3f78000 	C:\WINDOWS\System32\PSAPI.DLL
0x00007ffba08b0000 - 0x00007ffba08eb000 	C:\WINDOWS\SYSTEM32\IPHLPAPI.DLL
0x00007ffba3f80000 - 0x00007ffba3f88000 	C:\WINDOWS\System32\NSI.dll
0x00007ffb7def0000 - 0x00007ffb7def9000 	C:\Program Files\Java\jdk-22.0.2\bin\extnet.dll
0x00007ffba1920000 - 0x00007ffba1938000 	C:\WINDOWS\SYSTEM32\CRYPTSP.dll
0x00007ffba0550000 - 0x00007ffba0588000 	C:\WINDOWS\system32\rsaenh.dll
0x00007ffba1aa0000 - 0x00007ffba1ace000 	C:\WINDOWS\SYSTEM32\USERENV.dll
0x00007ffba0d40000 - 0x00007ffba0d4c000 	C:\WINDOWS\SYSTEM32\CRYPTBASE.dll
0x00007ffb7dee0000 - 0x00007ffb7deee000 	C:\Program Files\Java\jdk-22.0.2\bin\sunmscapi.dll
0x00007ffba22e0000 - 0x00007ffba243d000 	C:\WINDOWS\System32\CRYPT32.dll
0x00007ffba0e70000 - 0x00007ffba0e97000 	C:\WINDOWS\SYSTEM32\ncrypt.dll
0x00007ffba0da0000 - 0x00007ffba0ddb000 	C:\WINDOWS\SYSTEM32\NTASN1.dll
0x00007ffb6d8e0000 - 0x00007ffb6d8e7000 	C:\WINDOWS\system32\wshunix.dll

dbghelp: loaded successfully - version: 4.0.5 - missing functions: none
symbol engine: initialized successfully - sym options: 0x614 - pdb path: .;C:\Program Files\Java\jdk-22.0.2\bin;C:\WINDOWS\SYSTEM32;C:\WINDOWS\WinSxS\amd64_microsoft.windows.common-controls_6595b64144ccf1df_6.0.19041.6280_none_60bc30a171f2f3f3;C:\Program Files\Java\jdk-22.0.2\bin\server;E:\flutter_cache\gradle-home\native\1def1411415f61bf3af743bc5b6707747c0891f09f0c88961ee8f79bc544acac\windows-amd64;E:\flutter_cache\gradle-home\native\0.2.7\x86_64-windows-gnu

VM Arguments:
jvm_args: --add-opens=java.base/java.lang=ALL-UNNAMED --add-opens=java.base/java.lang.invoke=ALL-UNNAMED --add-opens=java.base/java.util=ALL-UNNAMED --add-opens=java.prefs/java.util.prefs=ALL-UNNAMED --add-exports=jdk.compiler/com.sun.tools.javac.api=ALL-UNNAMED --add-exports=jdk.compiler/com.sun.tools.javac.util=ALL-UNNAMED --add-opens=java.base/java.util=ALL-UNNAMED --add-opens=java.prefs/java.util.prefs=ALL-UNNAMED --add-opens=java.base/java.nio.charset=ALL-UNNAMED --add-opens=java.base/java.net=ALL-UNNAMED --add-opens=java.base/java.util.concurrent.atomic=ALL-UNNAMED --add-opens=java.xml/javax.xml.namespace=ALL-UNNAMED -Xmx2048m -Dfile.encoding=UTF-8 -Duser.country=RU -Duser.language=ru -Duser.variant -javaagent:E:\flutter_cache\gradle-home\wrapper\dists\gradle-8.13-bin\5xuhj0ry160q40clulazy9h7d\gradle-8.13\lib\agents\gradle-instrumentation-agent-8.13.jar 
java_command: org.gradle.launcher.daemon.bootstrap.GradleDaemon 8.13
java_class_path (initial): E:\flutter_cache\gradle-home\wrapper\dists\gradle-8.13-bin\5xuhj0ry160q40clulazy9h7d\gradle-8.13\lib\gradle-daemon-main-8.13.jar
Launcher Type: SUN_STANDARD

[Global flags]
     intx CICompilerCount                          = 4                                         {product} {ergonomic}
     uint ConcGCThreads                            = 3                                         {product} {ergonomic}
     uint G1ConcRefinementThreads                  = 10                                        {product} {ergonomic}
   size_t G1HeapRegionSize                         = 1048576                                   {product} {ergonomic}
   size_t InitialHeapSize                          = 534773760                                 {product} {ergonomic}
   size_t MarkStackSize                            = 4194304                                   {product} {ergonomic}
   size_t MaxHeapSize                              = 2147483648                                {product} {command line}
   size_t MaxNewSize                               = 1287651328                                {product} {ergonomic}
   size_t MinHeapDeltaBytes                        = 1048576                                   {product} {ergonomic}
   size_t MinHeapSize                              = 8388608                                   {product} {ergonomic}
    uintx NonNMethodCodeHeapSize                   = 5839372                                {pd product} {ergonomic}
    uintx NonProfiledCodeHeapSize                  = 122909434                              {pd product} {ergonomic}
    uintx ProfiledCodeHeapSize                     = 122909434                              {pd product} {ergonomic}
    uintx ReservedCodeCacheSize                    = 251658240                              {pd product} {ergonomic}
     bool SegmentedCodeCache                       = true                                      {product} {ergonomic}
   size_t SoftMaxHeapSize                          = 2147483648                             {manageable} {ergonomic}
     bool UseCompressedOops                        = true                           {product lp64_product} {ergonomic}
     bool UseG1GC                                  = true                                      {product} {ergonomic}
     bool UseLargePagesIndividualAllocation        = false                                  {pd product} {ergonomic}

Logging:
Log output configuration:
 #0: stdout all=warning uptime,level,tags foldmultilines=false
 #1: stderr all=off uptime,level,tags foldmultilines=false

Environment Variables:
PATH=C:\Program Files (x86)\VMware\VMware Workstation\bin\;C:\Program Files\Common Files\Oracle\Java\javapath;C:\Program Files (x86)\Common Files\Oracle\Java\java8path;C:\Program Files (x86)\Common Files\Oracle\Java\javapath;D:\Oculus\Support\oculus-runtime;C:\Program Files (x86)\Common Files\Intel\Shared Libraries\redist\intel64\compiler;C:\WINDOWS\system32;C:\WINDOWS;C:\WINDOWS\System32\Wbem;C:\WINDOWS\System32\WindowsPowerShell\v1.0\;C:\WINDOWS\System32\OpenSSH\;C:\Program Files (x86)\NVIDIA Corporation\PhysX\Common;C:\Program Files\dotnet\;C:\Program Files\nodejs\;C:\msys64\mingw64\bin;C:\Program Files\Git\cmd;C:\Program Files\PuTTY\;C:\Program Files\PostgreSQL\16\bin;;C:\Program Files\Docker\Docker\resources\bin;C:\Program Files\LLVM\bin;C:\Users\lobod\AppData\Local\Programs\Python\Python311\Scripts\;C:\Users\lobod\AppData\Local\Programs\Python\Python311\;C:\Users\lobod\AppData\Local\Microsoft\WindowsApps;C:\Program Files\JetBrains\PyCharm 2024.2.4\bin;C:\Users\lobod\.dotnet\tools;C:\Users\lobod\AppData\Roaming\npm;C:\Users\lobod\AppData\Local\Programs\Microsoft VS Code\bin;C:\msys64\ucrt64\bin;C:\Program Files\Java\jdk-22.0.2\bin;C:\Program Files\JetBrains\IntelliJ IDEA 2024.2.3\bin;C:\Program Files\JetBrains\CLion 2024.3.4\bin;C:\Users\lobod\AppData\Local\Programs\cursor\resources\app\bin;C:\OpenSSL-Win64\bin;C:\Program Files\NVIDIA Corporation\NVIDIA App\NvDLISR;C:\Program Files (x86)\Microsoft SQL Server\170\Tools\Binn\;C:\Program Files\Microsoft SQL Server\170\Tools\Binn\;C:\Program Files\Microsoft SQL Server\Client SDK\ODBC\180\Tools\Binn\;C:\Program Files\Microsoft SQL Server\170\DTS\Binn\;C:\Program Files\Go\bin;C:\Users\lobod\develop\flutter\bin;C:\Users\lobod\AppData\Local\Programs\Python\Python311\Scripts\;C:\Users\lobod\AppData\Local\Programs\Python\Python311\;C:\Users\lobod\AppData\Local\Microsoft\WindowsApps;C:\Program Files\JetBrains\PyCharm 2024.2.4\bin;;C:\Users\lobod\.dotnet\tools;C:\Users\lobod\AppData\Roaming\npm;C:\Users\lobod\AppData\Local\Programs\Microsoft VS Code\bin;C:\msys64\ucrt64\bin;C:\Program Files\Java\jdk-22.0.2\bin;C:\Program Files\JetBrains\IntelliJ IDEA 2024.2.3\bin;;C:\Program Files\PostgreSQL\16\bin;C:\Program Files\JetBrains\CLion 2024.3.4\bin;;C:\Users\lobod\AppData\Local\Programs\cursor\resources\app\bin;C:\Users\lobod\go\bin;E:\JetBrains Rider 2025.3.3\bin;
USERNAME=lobod
OS=Windows_NT
PROCESSOR_IDENTIFIER=Intel64 Family 6 Model 151 Stepping 5, GenuineIntel
TMP=C:\Users\lobod\AppData\Local\Temp
TEMP=C:\Users\lobod\AppData\Local\Temp




Periodic native trim disabled

---------------  S Y S T E M  ---------------

OS:
 Windows 10 , 64 bit Build 19041 (10.0.19041.5915)
OS uptime: 4 days 5:15 hours
Hyper-V role detected

CPU: total 12 (initial active 12) (6 cores per cpu, 2 threads per core) family 6 model 151 stepping 5 microcode 0x26, cx8, cmov, fxsr, ht, mmx, 3dnowpref, sse, sse2, sse3, ssse3, sse4.1, sse4.2, popcnt, lzcnt, tsc, tscinvbit, avx, avx2, aes, erms, clmul, bmi1, bmi2, adx, sha, fma, vzeroupper, clflush, clflushopt, clwb, hv, rdtscp, rdpid, fsrm, f16c, cet_ibt, cet_ss
Processor Information for all 12 processors :
  Max Mhz: 2500, Current Mhz: 2500, Mhz Limit: 2500

Memory: 4k page, system-wide physical 32606M (1881M free)
TotalPageFile size 69199M (AvailPageFile size 76M)
current process WorkingSet (physical memory assigned to process): 658M, peak: 667M
current process commit charge ("private bytes"): 725M, peak: 816M

vm_info: OpenJDK 64-Bit Server VM (22.0.2+9-70) for windows-amd64 JRE (22.0.2+9-70), built on 2024-06-04T16:52:23Z by "mach5one" with MS VC++ 17.6 (VS2022)

END.
